id,name,region,subregion_or_pdo_pgi,cultivars,harvest_year,category,color,fruitiness_intensity,bitterness_intensity,pungency_intensity,aroma_notes,taste_notes,defects,processing,filtration,acidity_pct,awards,description
INT-000697,Laconian Peaks • O'Higgins,O'Higgins,Maule,Picual,2024.0073611726602,EVOO,bright green,7.1607230110227915,4.979065255365002,5.648461019189428,green banana;wild herbs;chicory,gentle bitterness;clean;long aftertaste,none,"two-phase mill, cold",unfiltered,0.27432209394066126,—,"Athinolia brings elegance and floral notes, softened by Koroneiki; versatile everyday oil."
INT-000668,Laconian Peaks • La Rioja,La Rioja,Catamarca,Arbosana,2024.0542775874123,EVOO,bright green,7.21346751226116,5.418374308781628,5.310025523893874,green banana;wild herbs;chicory,gentle bitterness;clean;long aftertaste,none,"two-phase mill, cold",unfiltered,0.32712961897549164,—,"Athinolia brings elegance and floral notes, softened by Koroneiki; versatile everyday oil."
INT-000064,Zakynthos Grove • Napa,Napa,Sonoma,Chemlali,2024.0045282896367,EVOO,green,6.949762008039173,4.649322805469946,5.942221734640268,green banana;parsley;pepper leaf,fresh;medium body;clean heat,none,two-phase,unfiltered,0.3282200288323801,—,Lively island Koroneiki with green banana and clean peppery lift.
INT-000534,Argolic Breeze • Wairarapa,Wairarapa,Hawke's Bay,Coratina,2024.1032069850557,EVOO,golden-green,5.252953888930562,3.5184506527499573,4.001522847309144,ripe apple;pear;chamomile,mild;buttery;light pepper,none,cold-extracted <27°C,filtered,0.3625206001763924,—,Classic Manaki with mild bitterness and delicate aromas; great for baking and white cheeses.
INT-000067,Mytilene Estate • Victoria,Victoria,South Australia,Coratina,2023.8982039576294,EVOO,golden-green,6.219130117986753,3.978383386762971,4.09104454711293,ripe tomato;oregano;dried fig,rounded;pleasant;light pepper,none,"two-phase, cold",filtered,0.3604190106458874,—,Classically soft Kolovi suitable for mild salads.
INT-000622,Laconian Peaks • Taza,Taza,Fès-Meknès,Cornicabra,2024.0526559146535,EVOO,bright green,6.6309489802181005,4.474284030611726,6.011972858667669,green banana;wild herbs;chicory,gentle bitterness;clean;long aftertaste,none,"two-phase mill, cold",unfiltered,0.2801168871139226,—,"Athinolia brings elegance and floral notes, softened by Koroneiki; versatile everyday oil."
INT-000347,Laconian Peaks • Irbid,Irbid,Irbid,Taggiasca,2023.9387815313776,EVOO,bright green,6.866727879401036,4.786830661409761,5.836045360307536,green banana;wild herbs;chicory,gentle bitterness;clean;long aftertaste,none,"two-phase mill, cold",unfiltered,0.324897133109635,—,"Athinolia brings elegance and floral notes, softened by Koroneiki; versatile everyday oil."
INT-000491,Arcadian Orchard • Extremadura,Extremadura,Valencia,Coratina,2024.003560164037,EVOO,golden,6.332553422635918,4.24997314510107,4.05376382109314,ripe pear;chamomile;almond,buttery;gentle bitterness,none,cold extraction,filtered,0.39083348577121746,—,Approachable blend suited for everyday cooking and baking.
INT-000761,Nestos Riverbank • Ajloun,Ajloun,Ajloun,Arbosana,2023.9697869472252,EVOO,green,7.048345150426791,5.098320132978885,7.550210668459252,green tomato;rocket;peppercorn,firm;spicy;clean finish,none,"cold, inert gas",filtered,0.2590142399780986,—,Thracian blend with zesty tomato‑leaf and spicy finish.
INT-000457,Arcadian Orchard • Mendoza,Mendoza,Mendoza,Frantoio,2023.9782693244304,EVOO,golden,5.9825973942831165,3.9385280019262705,5.437229205382094,ripe pear;chamomile;almond,buttery;gentle bitterness,none,cold extraction,filtered,0.3925063307433292,—,Approachable blend suited for everyday cooking and baking.
INT-000066,Saronic Shores • Ajloun,Ajloun,Ajloun,Mission,2024.0631028119356,EVOO,golden-green,6.504878265278699,3.775775157677339,5.1370255849479705,ripe apple;herbs;almond,smooth;gentle bitterness,none,cold extraction,filtered,0.3423649461327673,—,"Attica blend, approachable and smooth for everyday use."
INT-000287,Messinian Classic • Tuscany,Tuscany,Liguria,Hojiblanca,2024.0278052909773,EVOO,green-gold,7.445162683200314,5.774009730566035,6.7976216070299404,artichoke;arugula;green almond,assertive;peppery;structured,none,cold-extracted,filtered,0.21715025884848244,—,Quintessential Messinian Koroneiki; assertive but balanced; for red sauces and grills.
INT-000636,Argolic Breeze • Mendoza,Mendoza,Catamarca,Taggiasca,2023.988123897746,EVOO,golden-green,6.374359304981004,2.8,3.9828246075087432,ripe apple;pear;chamomile,mild;buttery;light pepper,none,cold-extracted <27°C,filtered,0.35295332850406197,—,Classic Manaki with mild bitterness and delicate aromas; great for baking and white cheeses.
INT-000068,Nestos Riverbank • Marrakech-Safi,Marrakech-Safi,Taza,Cornicabra,2023.9852334533084,EVOO,green,7.253173170332166,4.622822781549789,7.006888713174292,green tomato;rocket;peppercorn,firm;spicy;clean finish,none,"cold, inert gas",filtered,0.28768499518351887,—,Thracian blend with zesty tomato‑leaf and spicy finish.
INT-000328,Arcadian Orchard • Akkar,Akkar,Koura,Chemlali,2023.9585361634756,EVOO,golden,5.855774978304434,3.613964653755415,3.726712756149033,ripe pear;chamomile;almond,buttery;gentle bitterness,none,cold extraction,filtered,0.3584508966835433,—,Approachable blend suited for everyday cooking and baking.
INT-000396,Saronic Shores • Tuscany,Tuscany,Puglia,Taggiasca,2024.0212003995407,EVOO,golden-green,6.183491254502369,4.193147175608725,4.746848870560958,ripe apple;herbs;almond,smooth;gentle bitterness,none,cold extraction,filtered,0.3007363853574673,—,"Attica blend, approachable and smooth for everyday use."
INT-000245,Zakynthos Grove • Wairarapa,Wairarapa,Hawke's Bay,Leccino,2024.0482733779345,EVOO,green,6.983611210119957,5.187977506116585,5.619417730220291,green banana;parsley;pepper leaf,fresh;medium body;clean heat,none,two-phase,unfiltered,0.33509091697372684,—,Lively island Koroneiki with green banana and clean peppery lift.
INT-000378,Zakynthos Grove • La Rioja,La Rioja,Catamarca,Taggiasca,2024.056756992178,EVOO,green,7.693688200109671,5.157142140837374,5.505919683107813,green banana;parsley;pepper leaf,fresh;medium body;clean heat,none,two-phase,unfiltered,0.3488309623752581,—,Lively island Koroneiki with green banana and clean peppery lift.
INT-000611,Corfiot Lianolia • Wairarapa,Wairarapa,Hawke's Bay,Mission,2024.008227597234,EVOO,green-gold,7.353563885410713,4.191536293558495,5.290651171343403,green walnut;wild fennel;apple skin,silky;fresh;medium pepper,none,cold-extracted,filtered,0.34597387815115316,—,Elegant Corfiot oil with herbal lift; shines on steamed vegetables and fish.
INT-000527,Arcadian Orchard • Catamarca,Catamarca,Catamarca,Manzanilla,2024.0307257985535,EVOO,golden,5.792372250269973,4.116255059308211,3.84583929357251,ripe pear;chamomile;almond,buttery;gentle bitterness,none,cold extraction,filtered,0.4023637851806963,—,Approachable blend suited for everyday cooking and baking.
INT-000659,Nestos Riverbank • New South Wales,New South Wales,Victoria,Coratina,2024.0036927663277,EVOO,green,7.020180023252646,5.2104033634705225,6.866372991857146,green tomato;rocket;peppercorn,firm;spicy;clean finish,none,"cold, inert gas",filtered,0.254356177124692,—,Thracian blend with zesty tomato‑leaf and spicy finish.
INT-000530,Tsounati Mountain • Napa,Napa,Sacramento Valley,Leccino,2023.982090318076,EVOO,deep green,8.464658949906402,5.421084284185609,7.660302032589965,wild greens;artichoke;oregano,bold bitterness;strong pepper,none,"cold extraction, two-phase",unfiltered,0.2714298876264329,—,Mountain Tsounati with intense pepper and wild herb character.
INT-000623,Saronic Shores • La Rioja,La Rioja,Mendoza,Barnea,2023.9748615953463,EVOO,golden-green,6.287873385102427,4.088304208111172,5.190413063560305,ripe apple;herbs;almond,smooth;gentle bitterness,none,cold extraction,filtered,0.3375946001119322,—,"Attica blend, approachable and smooth for everyday use."
INT-000722,Nestos Riverbank • South Australia,South Australia,Victoria,Arbequina,2023.9896157844398,EVOO,green,7.869558364153836,4.5527204405098365,7.473300609143051,green tomato;rocket;peppercorn,firm;spicy;clean finish,none,"cold, inert gas",filtered,0.2526048547977522,—,Thracian blend with zesty tomato‑leaf and spicy finish.
INT-000361,Lesvos Hills • Kairouan,Kairouan,Sousse,Arbosana,2023.957180038,EVOO,golden,5.708898545074461,3.8131097684851736,3.879409969376032,ripe tomato;dried herbs;almond,soft;rounded;subtle heat,none,"two-phase, cold",filtered,0.4226512557572716,—,Gentle island blend with ripe fruit notes; friendly for desserts and light sautés.
INT-000031,Peloponnesian Grove • O'Higgins,O'Higgins,Colchagua,Leccino,2023.9494775998228,EVOO,deep green-gold,7.623209941550563,6.097290293999816,6.739644181119181,green apple;fresh-cut grass;tomato leaf;artichoke,balanced;slightly peppery;almond finish,none,cold-extracted <27°C,filtered,0.2775438958711843,—,Koroneiki from Messinia with bright green fruitiness and a peppery finish; ideal for salads and grilled fish.
INT-000261,Kefalonian Bay • Languedoc,Languedoc,Corsica,Frantoio,2024.0904533746198,EVOO,golden-green,6.127696442213439,4.062596008368228,4.684805143398567,ripe apple;oregano;almond,round;mildly peppery,none,cold extraction,filtered,0.3364281813878115,—,Island blend leaning ripe and round; table‑friendly and forgiving.
INT-000638,Argolic Breeze • Irbid,Irbid,Irbid,Coratina,2024.0648842849998,EVOO,golden-green,6.220047374609582,3.478164517872643,4.078539584560197,ripe apple;pear;chamomile,mild;buttery;light pepper,none,cold-extracted <27°C,filtered,0.37298443540861104,—,Classic Manaki with mild bitterness and delicate aromas; great for baking and white cheeses.
INT-000747,Laconian Peaks • Trás-os-Montes,Trás-os-Montes,Alentejo,Arbosana,2024.1028122177108,EVOO,bright green,7.550610004462223,4.659830521049462,6.155645303387663,green banana;wild herbs;chicory,gentle bitterness;clean;long aftertaste,none,"two-phase mill, cold",unfiltered,0.3079473943219005,—,"Athinolia brings elegance and floral notes, softened by Koroneiki; versatile everyday oil."
INT-000571,Mytilene Estate • Irbid,Irbid,Ajloun,Barnea,2024.0580188166375,EVOO,golden-green,6.546172509876574,3.9904585895170657,4.167826734476514,ripe tomato;oregano;dried fig,rounded;pleasant;light pepper,none,"two-phase, cold",filtered,0.3990809238273457,—,Classically soft Kolovi suitable for mild salads.
INT-000216,Zakynthos Grove • Marrakech-Safi,Marrakech-Safi,Marrakech-Safi,Chemlali,2024.0052439354595,EVOO,green,6.742505802013766,4.628990662658812,6.651536262646339,green banana;parsley;pepper leaf,fresh;medium body;clean heat,none,two-phase,unfiltered,0.29143444968893106,—,Lively island Koroneiki with green banana and clean peppery lift.
INT-000079,Nestos Riverbank • İzmir,İzmir,Aydın,Manzanilla,2024.036834242368,EVOO,green,7.089259134757028,4.98572064926422,7.654812543805073,green tomato;rocket;peppercorn,firm;spicy;clean finish,none,"cold, inert gas",filtered,0.24673647459825346,—,Thracian blend with zesty tomato‑leaf and spicy finish.
INT-000579,Makri Heritage • San Joaquin,San Joaquin,Sonoma,Coratina,2023.991311272358,EVOO,emerald green,8.281455476143195,5.521857412839655,6.4537437666784125,tomato leaf;green pepper;fresh herbs,crisply bitter;vivid pepper,none,"cold extraction, decanter",unfiltered,0.3236819061312193,—,"Distinct Makri cultivar, tomato‑leaf aromas and vibrant pepper; superb for bruschetta."
INT-000384,Mytilene Estate • Umbria,Umbria,Tuscany,Manzanilla,2024.0063061531544,EVOO,golden-green,6.550996241539238,3.9337617640738656,4.426537833805896,ripe tomato;oregano;dried fig,rounded;pleasant;light pepper,none,"two-phase, cold",filtered,0.4055521350208527,—,Classically soft Kolovi suitable for mild salads.
INT-000040,Phthiotis Vale • Kairouan,Kairouan,Sfax,Taggiasca,2024.0395422283696,EVOO,golden,4.840978779207024,3.3828768464837626,2.75,ripe apple;dried herb;almond,soft;low bitterness;light heat,none,cold extraction,filtered,0.46212307356258137,—,"Gentle mainland blend with friendly, ripe flavor profile."
INT-000024,Zakynthos Grove • Marrakech-Safi,Marrakech-Safi,Marrakech-Safi,Picual,2024.0628375360784,EVOO,green,6.76638729472032,4.941882410666792,5.402514087289378,green banana;parsley;pepper leaf,fresh;medium body;clean heat,none,two-phase,unfiltered,0.35275883215629983,—,Lively island Koroneiki with green banana and clean peppery lift.
INT-000693,Saronic Shores • Sousse,Sousse,Sousse,Arbosana,2023.9874117944862,EVOO,golden-green,5.748726767190073,4.875503454456073,5.302454774888284,ripe apple;herbs;almond,smooth;gentle bitterness,none,cold extraction,filtered,0.3251135884809956,—,"Attica blend, approachable and smooth for everyday use."
INT-000399,Phthiotis Vale • Judean Hills,Judean Hills,Galilee,Frantoio,2024.020993689186,EVOO,golden,5.193873961553336,3.938711077840888,3.1599256681238805,ripe apple;dried herb;almond,soft;low bitterness;light heat,none,cold extraction,filtered,0.45134264885214415,—,"Gentle mainland blend with friendly, ripe flavor profile."
INT-000797,Argolic Breeze • Mendoza,Mendoza,Catamarca,Barnea,2024.0061214519549,EVOO,golden-green,6.164803402704782,3.9404833345604113,4.176979342669358,ripe apple;pear;chamomile,mild;buttery;light pepper,none,cold-extracted <27°C,filtered,0.3844141780155258,—,Classic Manaki with mild bitterness and delicate aromas; great for baking and white cheeses.
INT-000742,Chalkidiki Grove • Colchagua,Colchagua,Colchagua,Arbequina,2023.9874744296114,EVOO,green,6.549775939644122,5.021499248610395,6.7120031592896146,fresh grass;green apple;thyme,balanced;crisp;clean finish,none,"two-phase, cold",filtered,0.35440635330846787,—,Northern Greek blend with bright aromatics and tidy finish; great with greens pies.
INT-000140,Cretan Ridge • Wairarapa,Wairarapa,Wairarapa,Cornicabra,2024.1054435570843,EVOO,vibrant green,8.565386658954015,7.152255606499397,8.25,rocket;artichoke;green almond;oregano,robust;spicy;lingering pepper,none,"three-phase mill, nitrogen blanket",filtered,0.22083606472948414,NYIOOC 2024 Gold (fictional),Powerful Cretan profile with high fruitiness and pungency; stands up to roasted meats.
INT-000251,Tsounati Mountain • Balıkesir,Balıkesir,İzmir,Arbequina,2023.9878111881287,EVOO,deep green,7.107431188240691,5.673835265755258,7.929120350012286,wild greens;artichoke;oregano,bold bitterness;strong pepper,none,"cold extraction, two-phase",unfiltered,0.2054814726991583,—,Mountain Tsounati with intense pepper and wild herb character.
INT-000175,Phthiotis Vale • Hawke's Bay,Hawke's Bay,Hawke's Bay,Barnea,2023.9092729886825,EVOO,golden,4.8,3.4549023212667964,2.75,ripe apple;dried herb;almond,soft;low bitterness;light heat,none,cold extraction,filtered,0.42005216239438037,—,"Gentle mainland blend with friendly, ripe flavor profile."
INT-000324,Argolic Breeze • Sfax,Sfax,Kairouan,Leccino,2024.0067846492007,EVOO,golden-green,6.060369221427969,3.062086398173696,3.833917365547239,ripe apple;pear;chamomile,mild;buttery;light pepper,none,cold-extracted <27°C,filtered,0.38684243379081584,—,Classic Manaki with mild bitterness and delicate aromas; great for baking and white cheeses.
INT-000596,Messinian Classic • Liguria,Liguria,Sicily,Koroneiki,2023.916248765645,EVOO,green-gold,7.178075398735193,6.33159238090783,7.181716924775563,artichoke;arugula;green almond,assertive;peppery;structured,none,cold-extracted,filtered,0.2726785786498933,—,Quintessential Messinian Koroneiki; assertive but balanced; for red sauces and grills.
INT-000526,Arcadian Orchard • Corsica,Corsica,Corsica,Taggiasca,2023.9528055301355,EVOO,golden,6.162783374861815,4.255377095000376,4.245626468655452,ripe pear;chamomile;almond,buttery;gentle bitterness,none,cold extraction,filtered,0.36151189797140276,—,Approachable blend suited for everyday cooking and baking.
INT-000424,Corfiot Lianolia • Aydın,Aydın,Aydın,Hojiblanca,2023.9737420026836,EVOO,green-gold,7.138666725256104,3.5857768225659945,5.2584208384032385,green walnut;wild fennel;apple skin,silky;fresh;medium pepper,none,cold-extracted,filtered,0.2948456220103675,—,Elegant Corfiot oil with herbal lift; shines on steamed vegetables and fish.
INT-000597,Messinian Classic • Kairouan,Kairouan,Sousse,Chemlali,2024.0080466166887,EVOO,green-gold,6.939512010067978,6.03665105149859,7.186376222531866,artichoke;arugula;green almond,assertive;peppery;structured,none,cold-extracted,filtered,0.29899501406721163,—,Quintessential Messinian Koroneiki; assertive but balanced; for red sauces and grills.
INT-000605,Laconian Peaks • South Australia,South Australia,New South Wales,Chemlali,2024.0246120453905,EVOO,bright green,6.902458231683403,4.535989332320464,5.181693365824577,green banana;wild herbs;chicory,gentle bitterness;clean;long aftertaste,none,"two-phase mill, cold",unfiltered,0.3218994008924901,—,"Athinolia brings elegance and floral notes, softened by Koroneiki; versatile everyday oil."
INT-000535,Thassos Throumpa • Languedoc,Languedoc,Provence,Taggiasca,2023.9476974850113,EVOO,golden,4.8714274815732495,2.8,2.75,ripe olive;dried almond;hay,mellow;sweet entry;light pepper,none,cold extraction,unfiltered,0.45501770922542495,—,Soft island profile with ripe notes; ideal for pastries and mellow dishes.
INT-000266,Arcadian Orchard • Castilla-La Mancha,Castilla-La Mancha,Catalonia,Chemlali,2023.96921606544,EVOO,golden,6.50852416176742,3.8650898272356713,3.028359676068359,ripe pear;chamomile;almond,buttery;gentle bitterness,none,cold extraction,filtered,0.42299048632065633,—,Approachable blend suited for everyday cooking and baking.
INT-000110,Sitia Sunrise • Castilla-La Mancha,Castilla-La Mancha,Extremadura,Leccino,2023.9706994861285,EVOO,bright green,8.040707230852584,6.4299581008317155,6.304292915648189,green tomato;artichoke;nettle,firm bitterness;spicy tail,none,"three-phase, inert gas",filtered,0.21840086090262376,—,High‑energy Sitia EVOO with classic Cretan grassiness; for soups and grilled octopus.
INT-000667,Zakynthos Grove • Sacramento Valley,Sacramento Valley,Napa,Hojiblanca,2024.0078984778434,EVOO,green,6.758941363515753,4.7239144459288935,5.279080484306778,green banana;parsley;pepper leaf,fresh;medium body;clean heat,none,two-phase,unfiltered,0.32412726292216315,—,Lively island Koroneiki with green banana and clean peppery lift.
INT-000295,Nestos Riverbank • Victoria,Victoria,New South Wales,Manzanilla,2024.0209232119043,EVOO,green,7.444921924291192,4.8568980499270795,5.692741326255817,green tomato;rocket;peppercorn,firm;spicy;clean finish,none,"cold, inert gas",filtered,0.3105380133228946,—,Thracian blend with zesty tomato‑leaf and spicy finish.
INT-000337,Corfiot Lianolia • Provence,Provence,Provence,Hojiblanca,2024.0470376659557,EVOO,green-gold,7.7916334135225735,4.4878922431811015,4.3050245495854025,green walnut;wild fennel;apple skin,silky;fresh;medium pepper,none,cold-extracted,filtered,0.31572558522337035,—,Elegant Corfiot oil with herbal lift; shines on steamed vegetables and fish.
INT-000369,Mytilene Estate • O'Higgins,O'Higgins,Colchagua,Coratina,2023.9596637344048,EVOO,golden-green,6.109727708201775,4.505884499949974,3.6883815573852305,ripe tomato;oregano;dried fig,rounded;pleasant;light pepper,none,"two-phase, cold",filtered,0.3691451140960723,—,Classically soft Kolovi suitable for mild salads.
INT-000447,Corfiot Lianolia • O'Higgins,O'Higgins,Maule,Cornicabra,2023.9357739275313,EVOO,green-gold,7.334224143385441,4.558014812006186,5.276053189819957,green walnut;wild fennel;apple skin,silky;fresh;medium pepper,none,cold-extracted,filtered,0.33542640510322874,—,Elegant Corfiot oil with herbal lift; shines on steamed vegetables and fish.
INT-000334,Kefalonian Bay • Koura,Koura,Zgharta,Mission,2024.0333610846988,EVOO,golden-green,5.953628843037147,3.697821831626418,5.114664567696767,ripe apple;oregano;almond,round;mildly peppery,none,cold extraction,filtered,0.3476606018692061,—,Island blend leaning ripe and round; table‑friendly and forgiving.
INT-000199,Cretan Ridge • Victoria,Victoria,New South Wales,Koroneiki,2023.9386927269168,EVOO,vibrant green,8.94389861039934,7.2,8.25,rocket;artichoke;green almond;oregano,robust;spicy;lingering pepper,none,"three-phase mill, nitrogen blanket",filtered,0.21162361869041021,NYIOOC 2024 Gold (fictional),Powerful Cretan profile with high fruitiness and pungency; stands up to roasted meats.
INT-000169,Argolic Breeze • Extremadura,Extremadura,Castilla-La Mancha,Barnea,2024.0077010358725,EVOO,golden-green,5.968480867129427,2.8,4.009676133358132,ripe apple;pear;chamomile,mild;buttery;light pepper,none,cold-extracted <27°C,filtered,0.33736468752293314,—,Classic Manaki with mild bitterness and delicate aromas; great for baking and white cheeses.
INT-000482,Phthiotis Vale • Sicily,Sicily,Tuscany,Arbosana,2023.8798778632802,EVOO,golden,4.8,3.090231678299369,2.75,ripe apple;dried herb;almond,soft;low bitterness;light heat,none,cold extraction,filtered,0.42771658037488336,—,"Gentle mainland blend with friendly, ripe flavor profile."
INT-000724,Corfiot Lianolia • İzmir,İzmir,Aydın,Manzanilla,2024.050989120836,EVOO,green-gold,6.725982385905686,4.27359158237747,4.166257684538161,green walnut;wild fennel;apple skin,silky;fresh;medium pepper,none,cold-extracted,filtered,0.3058088819695042,—,Elegant Corfiot oil with herbal lift; shines on steamed vegetables and fish.
INT-000656,Chalkidiki Grove • Galilee,Galilee,Galilee,Taggiasca,2024.1080036447665,EVOO,green,7.454560424312964,4.562216012810811,5.123269234680922,fresh grass;green apple;thyme,balanced;crisp;clean finish,none,"two-phase, cold",filtered,0.31985062140599785,—,Northern Greek blend with bright aromatics and tidy finish; great with greens pies.
INT-000307,Zakynthos Grove • Andalusia,Andalusia,Extremadura,Arbequina,2023.9982396367282,EVOO,green,6.972748514889259,4.934896125293181,5.940278354037367,green banana;parsley;pepper leaf,fresh;medium body;clean heat,none,two-phase,unfiltered,0.3376678454342779,—,Lively island Koroneiki with green banana and clean peppery lift.
INT-000232,Phthiotis Vale • O'Higgins,O'Higgins,O'Higgins,Taggiasca,2023.9040890221581,EVOO,golden,4.83725435733252,3.013869749857666,3.373639048613524,ripe apple;dried herb;almond,soft;low bitterness;light heat,none,cold extraction,filtered,0.4180561540013678,—,"Gentle mainland blend with friendly, ripe flavor profile."
INT-000423,Arcadian Orchard • Marrakech-Safi,Marrakech-Safi,Fès-Meknès,Taggiasca,2024.0764593371332,EVOO,golden,6.534403038422647,4.529234050156109,4.569327360987305,ripe pear;chamomile;almond,buttery;gentle bitterness,none,cold extraction,filtered,0.32400482622007193,—,Approachable blend suited for everyday cooking and baking.
INT-000050,Phthiotis Vale • Languedoc,Languedoc,Provence,Mission,2024.0142692176807,EVOO,golden,4.8,2.8,2.75,ripe apple;dried herb;almond,soft;low bitterness;light heat,none,cold extraction,filtered,0.39973512678601564,—,"Gentle mainland blend with friendly, ripe flavor profile."
INT-000788,Argolic Breeze • Colchagua,Colchagua,Colchagua,Picual,2024.0035044345798,EVOO,golden-green,5.692214675895858,2.8,3.606827316914489,ripe apple;pear;chamomile,mild;buttery;light pepper,none,cold-extracted <27°C,filtered,0.352856972912136,—,Classic Manaki with mild bitterness and delicate aromas; great for baking and white cheeses.
INT-000358,Arcadian Orchard • Hawke's Bay,Hawke's Bay,Wairarapa,Mission,2024.0485141778345,EVOO,golden,6.432492711315048,4.515439159235735,3.3698745442405085,ripe pear;chamomile;almond,buttery;gentle bitterness,none,cold extraction,filtered,0.37834847929163096,—,Approachable blend suited for everyday cooking and baking.
INT-000087,Tsounati Mountain • Wairarapa,Wairarapa,Hawke's Bay,Hojiblanca,2023.8643713062315,EVOO,deep green,7.633846162892558,6.234539974779619,7.6135168687584525,wild greens;artichoke;oregano,bold bitterness;strong pepper,none,"cold extraction, two-phase",unfiltered,0.24382026850295208,—,Mountain Tsounati with intense pepper and wild herb character.
INT-000546,Mytilene Estate • Catamarca,Catamarca,Catamarca,Frantoio,2023.9634872030485,EVOO,golden-green,5.564596234965421,4.482714131787372,4.538018264007896,ripe tomato;oregano;dried fig,rounded;pleasant;light pepper,none,"two-phase, cold",filtered,0.39699241315269024,—,Classically soft Kolovi suitable for mild salads.
INT-000193,Cretan Ridge • Beira Interior,Beira Interior,Alentejo,Leccino,2023.9928473927155,EVOO,vibrant green,8.644972852381308,7.2,8.089390954816999,rocket;artichoke;green almond;oregano,robust;spicy;lingering pepper,none,"three-phase mill, nitrogen blanket",filtered,0.19255007321646733,NYIOOC 2024 Gold (fictional),Powerful Cretan profile with high fruitiness and pungency; stands up to roasted meats.
INT-000796,Sitia Sunrise • La Rioja,La Rioja,La Rioja,Arbosana,2024.068861640753,EVOO,bright green,8.445829031052131,6.596520487248814,7.233545696257401,green tomato;artichoke;nettle,firm bitterness;spicy tail,none,"three-phase, inert gas",filtered,0.1875,—,High‑energy Sitia EVOO with classic Cretan grassiness; for soups and grilled octopus.
INT-000034,Argolic Breeze • Corsica,Corsica,Languedoc,Cornicabra,2024.0085991642356,EVOO,golden-green,5.625676707807922,2.8,3.0601471199482395,ripe apple;pear;chamomile,mild;buttery;light pepper,none,cold-extracted <27°C,filtered,0.36636188883211673,—,Classic Manaki with mild bitterness and delicate aromas; great for baking and white cheeses.
INT-000032,Peloponnesian Grove • Zgharta,Zgharta,Zgharta,Leccino,2024.0450616739279,EVOO,deep green-gold,7.919059484040567,5.931167358066209,6.665361146483148,green apple;fresh-cut grass;tomato leaf;artichoke,balanced;slightly peppery;almond finish,none,cold-extracted <27°C,filtered,0.22370248143315358,—,Koroneiki from Messinia with bright green fruitiness and a peppery finish; ideal for salads and grilled fish.
INT-000200,Chalkidiki Grove • Koura,Koura,Zgharta,Arbosana,2023.9132544553954,EVOO,green,7.264418882271944,4.924592624095118,6.540865502855513,fresh grass;green apple;thyme,balanced;crisp;clean finish,none,"two-phase, cold",filtered,0.3684414344567356,—,Northern Greek blend with bright aromatics and tidy finish; great with greens pies.
INT-000366,Chalkidiki Grove • Galilee,Galilee,Galilee,Taggiasca,2024.0759077220046,EVOO,green,6.597136008541212,4.774775657224172,6.853226739019462,fresh grass;green apple;thyme,balanced;crisp;clean finish,none,"two-phase, cold",filtered,0.2784641300785201,—,Northern Greek blend with bright aromatics and tidy finish; great with greens pies.
INT-000487,Olympia Fields • Kairouan,Kairouan,Sfax,Mission,2024.0326923660214,EVOO,green-gold,7.182776524281475,5.121266066591486,5.708181232119692,fresh-cut grass;green almond;citrus zest,balanced;clean;medium pepper,none,three-phase,filtered,0.25289992581784476,—,Clean classic profile; versatile on legumes and grilled vegetables.
INT-000595,Olympia Fields • South Australia,South Australia,Victoria,Coratina,2023.9808126026267,EVOO,green-gold,7.3464615356833205,4.419020815020033,6.698285051831472,fresh-cut grass;green almond;citrus zest,balanced;clean;medium pepper,none,three-phase,filtered,0.28135661279956736,—,Clean classic profile; versatile on legumes and grilled vegetables.
INT-000569,Olympia Fields • San Joaquin,San Joaquin,Sonoma,Barnea,2024.0223428500894,EVOO,green-gold,7.089685277157854,4.7897188186020765,6.271411889388126,fresh-cut grass;green almond;citrus zest,balanced;clean;medium pepper,none,three-phase,filtered,0.28395395313348293,—,Clean classic profile; versatile on legumes and grilled vegetables.
INT-000429,Saronic Shores • Kairouan,Kairouan,Sousse,Leccino,2024.0535598350925,EVOO,golden-green,6.065842687957748,3.452639525913271,5.343970527274223,ripe apple;herbs;almond,smooth;gentle bitterness,none,cold extraction,filtered,0.3742313500789904,—,"Attica blend, approachable and smooth for everyday use."
INT-000138,Zakynthos Grove • La Rioja,La Rioja,Mendoza,Koroneiki,2024.1201154059713,EVOO,green,6.903573043493012,4.814704275632349,5.073532187689952,green banana;parsley;pepper leaf,fresh;medium body;clean heat,none,two-phase,unfiltered,0.3465385592444833,—,Lively island Koroneiki with green banana and clean peppery lift.
INT-000073,Zakynthos Grove • Zgharta,Zgharta,Akkar,Coratina,2024.0405008824496,EVOO,green,6.750743498704152,4.6810491636925295,6.20852923777012,green banana;parsley;pepper leaf,fresh;medium body;clean heat,none,two-phase,unfiltered,0.32267641785524986,—,Lively island Koroneiki with green banana and clean peppery lift.
INT-000078,Phthiotis Vale • Akkar,Akkar,Zgharta,Mission,2024.018812541617,EVOO,golden,5.512738196526054,3.040448479197163,2.75,ripe apple;dried herb;almond,soft;low bitterness;light heat,none,cold extraction,filtered,0.4265864418609705,—,"Gentle mainland blend with friendly, ripe flavor profile."
INT-000513,Tsounati Mountain • Aydın,Aydın,Aydın,Leccino,2024.0432082481484,EVOO,deep green,8.55679781450492,6.031933364641584,8.25,wild greens;artichoke;oregano,bold bitterness;strong pepper,none,"cold extraction, two-phase",unfiltered,0.23191996573393409,—,Mountain Tsounati with intense pepper and wild herb character.
INT-000784,Nestos Riverbank • Galilee,Galilee,Judean Hills,Mission,2024.0443587402362,EVOO,green,7.540147025088182,5.5368918205653666,7.31754636996789,green tomato;rocket;peppercorn,firm;spicy;clean finish,none,"cold, inert gas",filtered,0.24004480338302336,—,Thracian blend with zesty tomato‑leaf and spicy finish.
INT-000787,Laconian Peaks • Maule,Maule,Colchagua,Coratina,2024.010939243065,EVOO,bright green,7.474310429175476,5.537393884731268,5.7383712218472605,green banana;wild herbs;chicory,gentle bitterness;clean;long aftertaste,none,"two-phase mill, cold",unfiltered,0.3080218850387985,—,"Athinolia brings elegance and floral notes, softened by Koroneiki; versatile everyday oil."
INT-000276,Olympia Fields • Beira Interior,Beira Interior,Alentejo,Mission,2023.9753497198387,EVOO,green-gold,7.4064497652251875,4.887099576741813,5.708850460194361,fresh-cut grass;green almond;citrus zest,balanced;clean;medium pepper,none,three-phase,filtered,0.2912278495504686,—,Clean classic profile; versatile on legumes and grilled vegetables.
INT-000362,Cretan Ridge • O'Higgins,O'Higgins,Maule,Cornicabra,2024.0414102967516,EVOO,vibrant green,9.020632701184752,7.033840120778392,8.065119567223483,rocket;artichoke;green almond;oregano,robust;spicy;lingering pepper,none,"three-phase mill, nitrogen blanket",filtered,0.1875,NYIOOC 2024 Gold (fictional),Powerful Cretan profile with high fruitiness and pungency; stands up to roasted meats.
INT-000097,Argolic Breeze • Liguria,Liguria,Tuscany,Coratina,2023.9347987849553,EVOO,golden-green,6.406839434408397,3.392020198506573,4.381609059954686,ripe apple;pear;chamomile,mild;buttery;light pepper,none,cold-extracted <27°C,filtered,0.3060000230914356,—,Classic Manaki with mild bitterness and delicate aromas; great for baking and white cheeses.
INT-000642,Phthiotis Vale • Victoria,Victoria,Victoria,Leccino,2024.058554267321,EVOO,golden,4.8,3.6606424253232994,2.907748195380037,ripe apple;dried herb;almond,soft;low bitterness;light heat,none,cold extraction,filtered,0.41641670300736455,—,"Gentle mainland blend with friendly, ripe flavor profile."
INT-000716,Messinian Classic • Umbria,Umbria,Umbria,Mission,2023.9147632880602,EVOO,green-gold,6.91423230959441,5.31700777975988,7.073299845716947,artichoke;arugula;green almond,assertive;peppery;structured,none,cold-extracted,filtered,0.23513057799180903,—,Quintessential Messinian Koroneiki; assertive but balanced; for red sauces and grills.
INT-000282,Sitia Sunrise • Maule,Maule,Maule,Manzanilla,2024.0316201953958,EVOO,bright green,7.7100380971627445,6.152000980606016,6.64596269605394,green tomato;artichoke;nettle,firm bitterness;spicy tail,none,"three-phase, inert gas",filtered,0.1875,—,High‑energy Sitia EVOO with classic Cretan grassiness; for soups and grilled octopus.
INT-000394,Saronic Shores • Trás-os-Montes,Trás-os-Montes,Ribatejo,Mission,2023.9966682597435,EVOO,golden-green,5.915397860076126,3.8984127397649955,4.658789570914737,ripe apple;herbs;almond,smooth;gentle bitterness,none,cold extraction,filtered,0.33448927963596187,—,"Attica blend, approachable and smooth for everyday use."
INT-000629,Messinian Classic • Tuscany,Tuscany,Umbria,Hojiblanca,2023.9002946896446,EVOO,green-gold,6.924250951869143,6.032185765572858,6.29465296454772,artichoke;arugula;green almond,assertive;peppery;structured,none,cold-extracted,filtered,0.20389213456081975,—,Quintessential Messinian Koroneiki; assertive but balanced; for red sauces and grills.
INT-000609,Thassos Throumpa • Wairarapa,Wairarapa,Wairarapa,Koroneiki,2023.9713651861837,EVOO,golden,4.8,3.831543549879455,2.75,ripe olive;dried almond;hay,mellow;sweet entry;light pepper,none,cold extraction,unfiltered,0.40509765490292254,—,Soft island profile with ripe notes; ideal for pastries and mellow dishes.
INT-000706,Makri Heritage • Kairouan,Kairouan,Kairouan,Leccino,2024.0553595251486,EVOO,emerald green,7.74487741344915,4.618711091312754,7.062239391672723,tomato leaf;green pepper;fresh herbs,crisply bitter;vivid pepper,none,"cold extraction, decanter",unfiltered,0.2481189662905217,—,"Distinct Makri cultivar, tomato‑leaf aromas and vibrant pepper; superb for bruschetta."
INT-000755,Laconian Peaks • Sfax,Sfax,Sfax,Chemlali,2023.9915859022435,EVOO,bright green,7.52057271541218,4.640402980757074,5.742180915679034,green banana;wild herbs;chicory,gentle bitterness;clean;long aftertaste,none,"two-phase mill, cold",unfiltered,0.31531704932616506,—,"Athinolia brings elegance and floral notes, softened by Koroneiki; versatile everyday oil."
INT-000055,Laconian Peaks • Galilee,Galilee,Judean Hills,Picholine,2023.8710232289875,EVOO,bright green,6.734508175840173,4.914558293186268,6.154502644405158,green banana;wild herbs;chicory,gentle bitterness;clean;long aftertaste,none,"two-phase mill, cold",unfiltered,0.2556323090769563,—,"Athinolia brings elegance and floral notes, softened by Koroneiki; versatile everyday oil."
INT-000751,Corfiot Lianolia • Wairarapa,Wairarapa,Hawke's Bay,Mission,2023.9733709662828,EVOO,green-gold,7.505766236594436,3.71068352557661,5.33471795153486,green walnut;wild fennel;apple skin,silky;fresh;medium pepper,none,cold-extracted,filtered,0.29453568405143926,—,Elegant Corfiot oil with herbal lift; shines on steamed vegetables and fish.
INT-000156,Zakynthos Grove • Fès-Meknès,Fès-Meknès,Marrakech-Safi,Mission,2023.9270502587278,EVOO,green,7.226552378429409,5.717196802694557,6.11169680600128,green banana;parsley;pepper leaf,fresh;medium body;clean heat,none,two-phase,unfiltered,0.2699063746445074,—,Lively island Koroneiki with green banana and clean peppery lift.
INT-000433,Lesvos Hills • Alentejo,Alentejo,Trás-os-Montes,Manzanilla,2023.9956130920973,EVOO,golden,5.473723961724172,4.0032131069274035,3.816423363068322,ripe tomato;dried herbs;almond,soft;rounded;subtle heat,none,"two-phase, cold",filtered,0.4376295186753914,—,Gentle island blend with ripe fruit notes; friendly for desserts and light sautés.
INT-000098,Sitia Sunrise • Hawke's Bay,Hawke's Bay,Hawke's Bay,Mission,2024.038300397129,EVOO,bright green,8.123017178055921,5.801624814037268,7.541074485776146,green tomato;artichoke;nettle,firm bitterness;spicy tail,none,"three-phase, inert gas",filtered,0.1898882997229172,—,High‑energy Sitia EVOO with classic Cretan grassiness; for soups and grilled octopus.
INT-000121,Thassos Throumpa • Sfax,Sfax,Kairouan,Barnea,2024.0610092145973,EVOO,golden,5.070306303202098,2.8796496857141944,3.302558861901001,ripe olive;dried almond;hay,mellow;sweet entry;light pepper,none,cold extraction,unfiltered,0.4412448155587638,—,Soft island profile with ripe notes; ideal for pastries and mellow dishes.
INT-000077,Argolic Breeze • Maule,Maule,O'Higgins,Arbequina,2024.0123887004293,EVOO,golden-green,6.417178699561871,3.0076929004108672,3.8722332114480227,ripe apple;pear;chamomile,mild;buttery;light pepper,none,cold-extracted <27°C,filtered,0.41455250968567015,—,Classic Manaki with mild bitterness and delicate aromas; great for baking and white cheeses.
INT-000205,Kefalonian Bay • O'Higgins,O'Higgins,O'Higgins,Mission,2024.0262225584197,EVOO,golden-green,6.358360478720685,4.861508746303451,4.873576987907257,ripe apple;oregano;almond,round;mildly peppery,none,cold extraction,filtered,0.37770500531450935,—,Island blend leaning ripe and round; table‑friendly and forgiving.
INT-000353,Lesvos Hills • Victoria,Victoria,South Australia,Barnea,2024.0727397518983,EVOO,golden,6.147558236528096,3.8700654324771677,4.8227528560409905,ripe tomato;dried herbs;almond,soft;rounded;subtle heat,none,"two-phase, cold",filtered,0.40562708597070085,—,Gentle island blend with ripe fruit notes; friendly for desserts and light sautés.
INT-000765,Tsounati Mountain • La Rioja,La Rioja,La Rioja,Cornicabra,2024.0171323961524,EVOO,deep green,8.033370071845212,5.894686745780376,8.178835034545662,wild greens;artichoke;oregano,bold bitterness;strong pepper,none,"cold extraction, two-phase",unfiltered,0.2634991760805431,—,Mountain Tsounati with intense pepper and wild herb character.
INT-000209,Lesvos Hills • Valencia,Valencia,Castilla-La Mancha,Picual,2023.9852771187343,EVOO,golden,5.608023883011248,3.6096413066258943,3.8998516745635454,ripe tomato;dried herbs;almond,soft;rounded;subtle heat,none,"two-phase, cold",filtered,0.3800050502126855,—,Gentle island blend with ripe fruit notes; friendly for desserts and light sautés.
INT-000368,Corfiot Lianolia • Colchagua,Colchagua,Maule,Manzanilla,2023.942521004695,EVOO,green-gold,6.669685264208972,4.200096817164396,4.784155474333406,green walnut;wild fennel;apple skin,silky;fresh;medium pepper,none,cold-extracted,filtered,0.3221294802856539,—,Elegant Corfiot oil with herbal lift; shines on steamed vegetables and fish.
INT-000426,Cretan Ridge • La Rioja,La Rioja,La Rioja,Manzanilla,2023.920450161767,EVOO,vibrant green,9.2,6.705424870118176,8.25,rocket;artichoke;green almond;oregano,robust;spicy;lingering pepper,none,"three-phase mill, nitrogen blanket",filtered,0.249268626065029,NYIOOC 2024 Gold (fictional),Powerful Cretan profile with high fruitiness and pungency; stands up to roasted meats.
INT-000516,Peloponnesian Grove • Mendoza,Mendoza,Mendoza,Hojiblanca,2024.0464829227408,EVOO,deep green-gold,8.373437430017422,6.7975330945976005,7.529163242414992,green apple;fresh-cut grass;tomato leaf;artichoke,balanced;slightly peppery;almond finish,none,cold-extracted <27°C,filtered,0.2571963041224576,—,Koroneiki from Messinia with bright green fruitiness and a peppery finish; ideal for salads and grilled fish.
INT-000085,Peloponnesian Grove • Fès-Meknès,Fès-Meknès,Marrakech-Safi,Koroneiki,2023.9205587296594,EVOO,deep green-gold,8.064341370242625,6.083486173602774,7.545639194764981,green apple;fresh-cut grass;tomato leaf;artichoke,balanced;slightly peppery;almond finish,none,cold-extracted <27°C,filtered,0.2405951097898627,—,Koroneiki from Messinia with bright green fruitiness and a peppery finish; ideal for salads and grilled fish.
11,Messinian Classic,Peloponnese,Messinia,Koroneiki,2024.0,EVOO,green-gold,7.0,6.0,7.0,artichoke;arugula;green almond,assertive;peppery;structured,none,cold-extracted,filtered,0.26,—,Quintessential Messinian Koroneiki; assertive but balanced; for red sauces and grills.
INT-000721,Messinian Classic • Colchagua,Colchagua,O'Higgins,Picholine,2023.9845287816133,EVOO,green-gold,7.213552137857081,6.335722577753286,7.8186834693027425,artichoke;arugula;green almond,assertive;peppery;structured,none,cold-extracted,filtered,0.2349215631128944,—,Quintessential Messinian Koroneiki; assertive but balanced; for red sauces and grills.
INT-000111,Olympia Fields • Sacramento Valley,Sacramento Valley,Napa,Hojiblanca,2023.9831797359845,EVOO,green-gold,7.724001096487444,5.196001325230284,6.479993527358897,fresh-cut grass;green almond;citrus zest,balanced;clean;medium pepper,none,three-phase,filtered,0.2878844489688161,—,Clean classic profile; versatile on legumes and grilled vegetables.
INT-000522,Arcadian Orchard • O'Higgins,O'Higgins,Colchagua,Manzanilla,2023.9720894219986,EVOO,golden,5.679182957919362,3.855889029648919,5.592209801595523,ripe pear;chamomile;almond,buttery;gentle bitterness,none,cold extraction,filtered,0.36821166172721387,—,Approachable blend suited for everyday cooking and baking.
INT-000778,Phthiotis Vale • Aydın,Aydın,Aydın,Frantoio,2024.037023253,EVOO,golden,6.032852368054278,2.8,3.2621270255847072,ripe apple;dried herb;almond,soft;low bitterness;light heat,none,cold extraction,filtered,0.4625,—,"Gentle mainland blend with friendly, ripe flavor profile."
INT-000210,Olympia Fields • Judean Hills,Judean Hills,Galilee,Arbequina,2024.008041134605,EVOO,green-gold,7.324917616784473,4.863329857975808,5.890783547046466,fresh-cut grass;green almond;citrus zest,balanced;clean;medium pepper,none,three-phase,filtered,0.309763414945336,—,Clean classic profile; versatile on legumes and grilled vegetables.
INT-000236,Sitia Sunrise • Sousse,Sousse,Kairouan,Hojiblanca,2024.0063521641168,EVOO,bright green,7.828853559471488,6.310319982934666,7.173108329345724,green tomato;artichoke;nettle,firm bitterness;spicy tail,none,"three-phase, inert gas",filtered,0.2007541197473394,—,High‑energy Sitia EVOO with classic Cretan grassiness; for soups and grilled octopus.
INT-000317,Tsounati Mountain • Ajloun,Ajloun,Ajloun,Mission,2024.0174042642539,EVOO,deep green,8.23225769474582,5.231505316223185,8.25,wild greens;artichoke;oregano,bold bitterness;strong pepper,none,"cold extraction, two-phase",unfiltered,0.26666176904291805,—,Mountain Tsounati with intense pepper and wild herb character.
INT-000389,Corfiot Lianolia • Mendoza,Mendoza,La Rioja,Picual,2023.9735624690593,EVOO,green-gold,6.930764983715911,3.40657599871864,4.6077272219751055,green walnut;wild fennel;apple skin,silky;fresh;medium pepper,none,cold-extracted,filtered,0.29911638715819455,—,Elegant Corfiot oil with herbal lift; shines on steamed vegetables and fish.
INT-000119,Saronic Shores • Sonoma,Sonoma,San Joaquin,Frantoio,2023.9996054259404,EVOO,golden-green,5.736201976382373,4.30381470677742,4.841085418323348,ripe apple;herbs;almond,smooth;gentle bitterness,none,cold extraction,filtered,0.34652008746480195,—,"Attica blend, approachable and smooth for everyday use."
INT-000720,Lesvos Hills • Hawke's Bay,Hawke's Bay,Hawke's Bay,Picholine,2024.0226266813677,EVOO,golden,5.217924089972174,3.1419256008471983,3.689277890435545,ripe tomato;dried herbs;almond,soft;rounded;subtle heat,none,"two-phase, cold",filtered,0.38874463573780865,—,Gentle island blend with ripe fruit notes; friendly for desserts and light sautés.
INT-000211,Saronic Shores • Akkar,Akkar,Zgharta,Chetoui,2023.9795321152014,EVOO,golden-green,6.601433105524772,3.8349915990030397,5.108730419818503,ripe apple;herbs;almond,smooth;gentle bitterness,none,cold extraction,filtered,0.3678333288059988,—,"Attica blend, approachable and smooth for everyday use."
INT-000255,Olympia Fields • Marrakech-Safi,Marrakech-Safi,Marrakech-Safi,Coratina,2024.0127361566647,EVOO,green-gold,6.870769305824086,4.858015953109251,6.685613938945708,fresh-cut grass;green almond;citrus zest,balanced;clean;medium pepper,none,three-phase,filtered,0.261854729700623,—,Clean classic profile; versatile on legumes and grilled vegetables.
INT-000592,Nestos Riverbank • Mendoza,Mendoza,Mendoza,Manzanilla,2023.9989642588707,EVOO,green,6.56779555146158,5.270722498622288,6.866293204007923,green tomato;rocket;peppercorn,firm;spicy;clean finish,none,"cold, inert gas",filtered,0.2638209244690865,—,Thracian blend with zesty tomato‑leaf and spicy finish.
INT-000030,Corfiot Lianolia • South Australia,South Australia,New South Wales,Leccino,2023.9053096635882,EVOO,green-gold,6.7332562446319475,3.595058083867,6.397772762106392,green walnut;wild fennel;apple skin,silky;fresh;medium pepper,none,cold-extracted,filtered,0.30354527498268696,—,Elegant Corfiot oil with herbal lift; shines on steamed vegetables and fish.
INT-000267,Messinian Classic • Koura,Koura,Akkar,Koroneiki,2023.984639471729,EVOO,green-gold,7.4427029328490635,6.302900585050998,6.451096699266073,artichoke;arugula;green almond,assertive;peppery;structured,none,cold-extracted,filtered,0.20784055186546918,—,Quintessential Messinian Koroneiki; assertive but balanced; for red sauces and grills.
INT-000657,Makri Heritage • Catamarca,Catamarca,Mendoza,Mission,2023.9686217098833,EVOO,emerald green,7.697538883415978,4.548485520848041,7.810962947534763,tomato leaf;green pepper;fresh herbs,crisply bitter;vivid pepper,none,"cold extraction, decanter",unfiltered,0.29522659412680896,—,"Distinct Makri cultivar, tomato‑leaf aromas and vibrant pepper; superb for bruschetta."
INT-000663,Lesvos Hills • Sousse,Sousse,Kairouan,Koroneiki,2023.9917213056922,EVOO,golden,6.5298737009507555,3.8627234893513007,4.1841767197976285,ripe tomato;dried herbs;almond,soft;rounded;subtle heat,none,"two-phase, cold",filtered,0.3963079605609505,—,Gentle island blend with ripe fruit notes; friendly for desserts and light sautés.
INT-000297,Nestos Riverbank • Zgharta,Zgharta,Koura,Taggiasca,2024.040651667674,EVOO,green,6.335231657102736,4.71022173904432,7.279454002757794,green tomato;rocket;peppercorn,firm;spicy;clean finish,none,"cold, inert gas",filtered,0.3104681769666016,—,Thracian blend with zesty tomato‑leaf and spicy finish.
INT-000082,Tsounati Mountain • Languedoc,Languedoc,Provence,Chemlali,2023.9194605093637,EVOO,deep green,7.494142665294493,6.709271225570323,6.546936313577181,wild greens;artichoke;oregano,bold bitterness;strong pepper,none,"cold extraction, two-phase",unfiltered,0.29209019675646597,—,Mountain Tsounati with intense pepper and wild herb character.
INT-000689,Saronic Shores • Andalusia,Andalusia,Extremadura,Cornicabra,2023.9032757543039,EVOO,golden-green,5.9837867675681755,3.8816895469553985,5.78069369175433,ripe apple;herbs;almond,smooth;gentle bitterness,none,cold extraction,filtered,0.37719354499455165,—,"Attica blend, approachable and smooth for everyday use."
INT-000303,Nestos Riverbank • Umbria,Umbria,Umbria,Hojiblanca,2023.9872497475394,EVOO,green,7.232052961146343,4.787152312233786,7.05260762029477,green tomato;rocket;peppercorn,firm;spicy;clean finish,none,"cold, inert gas",filtered,0.3037005864309662,—,Thracian blend with zesty tomato‑leaf and spicy finish.
INT-000507,Kefalonian Bay • New South Wales,New South Wales,New South Wales,Picholine,2024.0131490840622,EVOO,golden-green,6.3026346431771545,4.3488189935712755,5.172140645073113,ripe apple;oregano;almond,round;mildly peppery,none,cold extraction,filtered,0.36911214381151447,—,Island blend leaning ripe and round; table‑friendly and forgiving.
INT-000759,Zakynthos Grove • Ajloun,Ajloun,Irbid,Arbequina,2024.0038264923041,EVOO,green,7.6129555923815575,4.924418947786879,6.729376804694057,green banana;parsley;pepper leaf,fresh;medium body;clean heat,none,two-phase,unfiltered,0.3499169583276797,—,Lively island Koroneiki with green banana and clean peppery lift.
INT-000315,Zakynthos Grove • Fès-Meknès,Fès-Meknès,Marrakech-Safi,Barnea,2023.9898891120658,EVOO,green,6.9326650639505765,5.372620719314222,6.125266135271127,green banana;parsley;pepper leaf,fresh;medium body;clean heat,none,two-phase,unfiltered,0.28923019260666266,—,Lively island Koroneiki with green banana and clean peppery lift.
INT-000645,Mytilene Estate • Ajloun,Ajloun,Ajloun,Arbosana,2024.016651819519,EVOO,golden-green,6.676489387541212,4.323063613578464,3.98051300031219,ripe tomato;oregano;dried fig,rounded;pleasant;light pepper,none,"two-phase, cold",filtered,0.376646101137273,—,Classically soft Kolovi suitable for mild salads.
INT-000410,Argolic Breeze • San Joaquin,San Joaquin,Sacramento Valley,Hojiblanca,2023.9795781544267,EVOO,golden-green,5.316551541975665,3.3918088154522286,3.353911413257755,ripe apple;pear;chamomile,mild;buttery;light pepper,none,cold-extracted <27°C,filtered,0.36472142440245203,—,Classic Manaki with mild bitterness and delicate aromas; great for baking and white cheeses.
INT-000212,Saronic Shores • Sicily,Sicily,Puglia,Taggiasca,2024.0414716873597,EVOO,golden-green,6.258911129033576,4.499680804143407,5.996639280024504,ripe apple;herbs;almond,smooth;gentle bitterness,none,cold extraction,filtered,0.3509223392811697,—,"Attica blend, approachable and smooth for everyday use."
INT-000533,Corfiot Lianolia • Taza,Taza,Taza,Coratina,2023.9926240263944,EVOO,green-gold,6.859327553586776,4.425739084303848,5.035096970928668,green walnut;wild fennel;apple skin,silky;fresh;medium pepper,none,cold-extracted,filtered,0.295539137311102,—,Elegant Corfiot oil with herbal lift; shines on steamed vegetables and fish.
INT-000484,Mytilene Estate • Hawke's Bay,Hawke's Bay,Wairarapa,Barnea,2023.956310461036,EVOO,golden-green,6.349408191048109,4.301279220998048,4.274729858647489,ripe tomato;oregano;dried fig,rounded;pleasant;light pepper,none,"two-phase, cold",filtered,0.4004334108311104,—,Classically soft Kolovi suitable for mild salads.
INT-000219,Kefalonian Bay • Sacramento Valley,Sacramento Valley,Sonoma,Chemlali,2023.9672107956294,EVOO,golden-green,6.418018851214545,3.4947487906008936,5.393858328107834,ripe apple;oregano;almond,round;mildly peppery,none,cold extraction,filtered,0.3404132608991977,—,Island blend leaning ripe and round; table‑friendly and forgiving.
8,Sitia Sunrise,Crete,Sitia Lasithiou (PDO),Koroneiki,2024.0,EVOO,bright green,8.0,6.0,7.0,green tomato;artichoke;nettle,firm bitterness;spicy tail,none,"three-phase, inert gas",filtered,0.2,—,High‑energy Sitia EVOO with classic Cretan grassiness; for soups and grilled octopus.
INT-000465,Chalkidiki Grove • Victoria,Victoria,South Australia,Koroneiki,2023.9988839022747,EVOO,green,6.823057622921304,4.800929399756408,6.388778591160314,fresh grass;green apple;thyme,balanced;crisp;clean finish,none,"two-phase, cold",filtered,0.3143809973770136,—,Northern Greek blend with bright aromatics and tidy finish; great with greens pies.
INT-000102,Makri Heritage • Andalusia,Andalusia,Andalusia,Frantoio,2024.04370353335,EVOO,emerald green,8.203006613523854,4.288015971826699,7.340687236614806,tomato leaf;green pepper;fresh herbs,crisply bitter;vivid pepper,none,"cold extraction, decanter",unfiltered,0.2640228236699922,—,"Distinct Makri cultivar, tomato‑leaf aromas and vibrant pepper; superb for bruschetta."
INT-000327,Argolic Breeze • La Rioja,La Rioja,Catamarca,Arbequina,2023.9377816640808,EVOO,golden-green,5.7880441622294185,3.4947638089139286,3.960111084680332,ripe apple;pear;chamomile,mild;buttery;light pepper,none,cold-extracted <27°C,filtered,0.3702355804554145,—,Classic Manaki with mild bitterness and delicate aromas; great for baking and white cheeses.
INT-000653,Messinian Classic • Colchagua,Colchagua,O'Higgins,Chetoui,2024.1107392891863,EVOO,green-gold,7.0031971641124455,5.672555967128865,6.492412090649516,artichoke;arugula;green almond,assertive;peppery;structured,none,cold-extracted,filtered,0.2796050087672013,—,Quintessential Messinian Koroneiki; assertive but balanced; for red sauces and grills.
INT-000538,Lesvos Hills • Castilla-La Mancha,Castilla-La Mancha,Catalonia,Manzanilla,2023.9640745857407,EVOO,golden,5.422535099455481,4.18190049724491,3.976449921885197,ripe tomato;dried herbs;almond,soft;rounded;subtle heat,none,"two-phase, cold",filtered,0.3894986439038545,—,Gentle island blend with ripe fruit notes; friendly for desserts and light sautés.
INT-000641,Zakynthos Grove • Andalusia,Andalusia,Castilla-La Mancha,Arbequina,2024.038515308941,EVOO,green,7.129466382035607,4.834914033189771,6.276399204609563,green banana;parsley;pepper leaf,fresh;medium body;clean heat,none,two-phase,unfiltered,0.2785862076796689,—,Lively island Koroneiki with green banana and clean peppery lift.
3,Argolic Breeze,Peloponnese,Argolida,Manaki,2024.0,EVOO,golden-green,6.0,3.0,4.0,ripe apple;pear;chamomile,mild;buttery;light pepper,none,cold-extracted <27°C,filtered,0.35,—,Classic Manaki with mild bitterness and delicate aromas; great for baking and white cheeses.
INT-000739,Laconian Peaks • Hawke's Bay,Hawke's Bay,Wairarapa,Chetoui,2023.9985773172154,EVOO,bright green,7.576407398780325,4.4721195452758735,6.245892675365112,green banana;wild herbs;chicory,gentle bitterness;clean;long aftertaste,none,"two-phase mill, cold",unfiltered,0.2796998417018634,—,"Athinolia brings elegance and floral notes, softened by Koroneiki; versatile everyday oil."
INT-000777,Argolic Breeze • Aydın,Aydın,Balıkesir,Taggiasca,2024.017184104278,EVOO,golden-green,5.450307862288878,2.8,4.740433869657387,ripe apple;pear;chamomile,mild;buttery;light pepper,none,cold-extracted <27°C,filtered,0.3091768848934989,—,Classic Manaki with mild bitterness and delicate aromas; great for baking and white cheeses.
INT-000520,Kefalonian Bay • Alentejo,Alentejo,Beira Interior,Taggiasca,2024.0276169792369,EVOO,golden-green,6.087032657635475,4.1824018738899555,5.417429163692093,ripe apple;oregano;almond,round;mildly peppery,none,cold extraction,filtered,0.4211702322712555,—,Island blend leaning ripe and round; table‑friendly and forgiving.
INT-000590,Lesvos Hills • Hawke's Bay,Hawke's Bay,Wairarapa,Taggiasca,2023.9549828905276,EVOO,golden,6.1307974889975325,4.225840147146942,4.654074051623922,ripe tomato;dried herbs;almond,soft;rounded;subtle heat,none,"two-phase, cold",filtered,0.35246983426234324,—,Gentle island blend with ripe fruit notes; friendly for desserts and light sautés.
INT-000799,Peloponnesian Grove • Kairouan,Kairouan,Kairouan,Coratina,2023.976843999125,EVOO,deep green-gold,8.351756164864243,6.099340729868233,7.530734543140727,green apple;fresh-cut grass;tomato leaf;artichoke,balanced;slightly peppery;almond finish,none,cold-extracted <27°C,filtered,0.30152294333698193,—,Koroneiki from Messinia with bright green fruitiness and a peppery finish; ideal for salads and grilled fish.
INT-000745,Olympia Fields • Judean Hills,Judean Hills,Judean Hills,Leccino,2023.8923354813955,EVOO,green-gold,6.5990176498544875,4.759762097758128,5.9567937780559,fresh-cut grass;green almond;citrus zest,balanced;clean;medium pepper,none,three-phase,filtered,0.30770771879320624,—,Clean classic profile; versatile on legumes and grilled vegetables.
INT-000514,Saronic Shores • South Australia,South Australia,South Australia,Arbosana,2024.1273338192213,EVOO,golden-green,6.314698915639495,3.9622322181197007,5.41806471158253,ripe apple;herbs;almond,smooth;gentle bitterness,none,cold extraction,filtered,0.37876727703991175,—,"Attica blend, approachable and smooth for everyday use."
INT-000671,Corfiot Lianolia • Puglia,Puglia,Tuscany,Picholine,2023.96879126032,EVOO,green-gold,6.895954301012492,3.7504839758730752,4.452940944191974,green walnut;wild fennel;apple skin,silky;fresh;medium pepper,none,cold-extracted,filtered,0.29013608030625054,—,Elegant Corfiot oil with herbal lift; shines on steamed vegetables and fish.
INT-000265,Laconian Peaks • Mendoza,Mendoza,Mendoza,Arbosana,2024.0072562864282,EVOO,bright green,7.4053168665391595,5.100787349935993,6.724687267272431,green banana;wild herbs;chicory,gentle bitterness;clean;long aftertaste,none,"two-phase mill, cold",unfiltered,0.3181161821557254,—,"Athinolia brings elegance and floral notes, softened by Koroneiki; versatile everyday oil."
INT-000616,Tsounati Mountain • Judean Hills,Judean Hills,Judean Hills,Chemlali,2023.9969808877868,EVOO,deep green,7.439782923074096,6.858201496899693,8.25,wild greens;artichoke;oregano,bold bitterness;strong pepper,none,"cold extraction, two-phase",unfiltered,0.22910231054556543,—,Mountain Tsounati with intense pepper and wild herb character.
INT-000330,Corfiot Lianolia • La Rioja,La Rioja,La Rioja,Leccino,2023.9472082627674,EVOO,green-gold,6.565463538588988,4.556807419520435,5.2076913388495685,green walnut;wild fennel;apple skin,silky;fresh;medium pepper,none,cold-extracted,filtered,0.3212195128993197,—,Elegant Corfiot oil with herbal lift; shines on steamed vegetables and fish.
INT-000343,Nestos Riverbank • Judean Hills,Judean Hills,Judean Hills,Leccino,2024.0249267501117,EVOO,green,6.735916335790068,4.869014025702097,7.001467342256184,green tomato;rocket;peppercorn,firm;spicy;clean finish,none,"cold, inert gas",filtered,0.3048192140958687,—,Thracian blend with zesty tomato‑leaf and spicy finish.
INT-000395,Peloponnesian Grove • Sacramento Valley,Sacramento Valley,Napa,Picholine,2024.027164669278,EVOO,deep green-gold,8.536472828863984,6.0228609248589455,6.501033907055525,green apple;fresh-cut grass;tomato leaf;artichoke,balanced;slightly peppery;almond finish,none,cold-extracted <27°C,filtered,0.236142805464819,—,Koroneiki from Messinia with bright green fruitiness and a peppery finish; ideal for salads and grilled fish.
INT-000080,Olympia Fields • Akkar,Akkar,Koura,Leccino,2023.9898270760095,EVOO,green-gold,7.083549494211917,4.950559909995587,6.077254694949393,fresh-cut grass;green almond;citrus zest,balanced;clean;medium pepper,none,three-phase,filtered,0.2843552764776869,—,Clean classic profile; versatile on legumes and grilled vegetables.
INT-000149,Mytilene Estate • Galilee,Galilee,Judean Hills,Frantoio,2024.0799047692788,EVOO,golden-green,5.362755697702626,3.78700145296605,4.978643925886905,ripe tomato;oregano;dried fig,rounded;pleasant;light pepper,none,"two-phase, cold",filtered,0.41089414145253483,—,Classically soft Kolovi suitable for mild salads.
INT-000351,Phthiotis Vale • Castilla-La Mancha,Castilla-La Mancha,Extremadura,Cornicabra,2024.1019050079778,EVOO,golden,5.043691397861924,3.342837311109621,2.75,ripe apple;dried herb;almond,soft;low bitterness;light heat,none,cold extraction,filtered,0.4294170311348231,—,"Gentle mainland blend with friendly, ripe flavor profile."
INT-000383,Arcadian Orchard • Fès-Meknès,Fès-Meknès,Fès-Meknès,Picholine,2023.9758291618982,EVOO,golden,6.1114005915028455,4.1233486300940685,4.03964691593016,ripe pear;chamomile;almond,buttery;gentle bitterness,none,cold extraction,filtered,0.36944504475424356,—,Approachable blend suited for everyday cooking and baking.
INT-000441,Makri Heritage • San Joaquin,San Joaquin,San Joaquin,Manzanilla,2023.900510930226,EVOO,emerald green,8.835698590947462,4.933982050371321,6.533311846202557,tomato leaf;green pepper;fresh herbs,crisply bitter;vivid pepper,none,"cold extraction, decanter",unfiltered,0.27918747868561317,—,"Distinct Makri cultivar, tomato‑leaf aromas and vibrant pepper; superb for bruschetta."
INT-000310,Makri Heritage • Beira Interior,Beira Interior,Trás-os-Montes,Coratina,2023.9691273023436,EVOO,emerald green,8.164066364277684,5.5450275369123885,6.888590227058692,tomato leaf;green pepper;fresh herbs,crisply bitter;vivid pepper,none,"cold extraction, decanter",unfiltered,0.2706158185552344,—,"Distinct Makri cultivar, tomato‑leaf aromas and vibrant pepper; superb for bruschetta."
INT-000708,Zakynthos Grove • Languedoc,Languedoc,Languedoc,Arbequina,2024.0129329819056,EVOO,green,7.347219220361908,5.193147283151935,6.306172598577167,green banana;parsley;pepper leaf,fresh;medium body;clean heat,none,two-phase,unfiltered,0.3241093647355684,—,Lively island Koroneiki with green banana and clean peppery lift.
INT-000134,Thassos Throumpa • Irbid,Irbid,Irbid,Koroneiki,2024.0730956355033,EVOO,golden,4.9733142944698505,3.2052150975287166,3.957494449392178,ripe olive;dried almond;hay,mellow;sweet entry;light pepper,none,cold extraction,unfiltered,0.4395554246730763,—,Soft island profile with ripe notes; ideal for pastries and mellow dishes.
INT-000382,Zakynthos Grove • Victoria,Victoria,New South Wales,Manzanilla,2024.061863102809,EVOO,green,6.972810308265679,5.024341105748083,5.720223944853951,green banana;parsley;pepper leaf,fresh;medium body;clean heat,none,two-phase,unfiltered,0.30977953910898254,—,Lively island Koroneiki with green banana and clean peppery lift.
INT-000214,Cretan Ridge • Akkar,Akkar,Koura,Barnea,2024.0358803470492,EVOO,vibrant green,8.294578583462394,7.2,7.887851084279146,rocket;artichoke;green almond;oregano,robust;spicy;lingering pepper,none,"three-phase mill, nitrogen blanket",filtered,0.25231710985183364,NYIOOC 2024 Gold (fictional),Powerful Cretan profile with high fruitiness and pungency; stands up to roasted meats.
INT-000660,Sitia Sunrise • San Joaquin,San Joaquin,San Joaquin,Leccino,2023.8984633646512,EVOO,bright green,8.710520913330933,5.620377114195938,7.4749912545857065,green tomato;artichoke;nettle,firm bitterness;spicy tail,none,"three-phase, inert gas",filtered,0.1875,—,High‑energy Sitia EVOO with classic Cretan grassiness; for soups and grilled octopus.
INT-000056,Sitia Sunrise • Sousse,Sousse,Sfax,Manzanilla,2024.0180977467935,EVOO,bright green,7.989975383773771,6.261148762422879,6.862478210878453,green tomato;artichoke;nettle,firm bitterness;spicy tail,none,"three-phase, inert gas",filtered,0.20453103774600076,—,High‑energy Sitia EVOO with classic Cretan grassiness; for soups and grilled octopus.
INT-000737,Messinian Classic • Taza,Taza,Marrakech-Safi,Chemlali,2024.0036943371792,EVOO,green-gold,6.492720911183528,5.811212617158962,6.72479977482268,artichoke;arugula;green almond,assertive;peppery;structured,none,cold-extracted,filtered,0.27420595147938004,—,Quintessential Messinian Koroneiki; assertive but balanced; for red sauces and grills.
INT-000621,Argolic Breeze • Catamarca,Catamarca,Mendoza,Cornicabra,2023.93589532857,EVOO,golden-green,5.914980965679493,3.0623791203785182,3.3237732897963514,ripe apple;pear;chamomile,mild;buttery;light pepper,none,cold-extracted <27°C,filtered,0.2725360063508093,—,Classic Manaki with mild bitterness and delicate aromas; great for baking and white cheeses.
INT-000583,Olympia Fields • Sfax,Sfax,Sousse,Arbosana,2023.9743178989659,EVOO,green-gold,6.383505913626922,4.431968640675198,6.5798942484554725,fresh-cut grass;green almond;citrus zest,balanced;clean;medium pepper,none,three-phase,filtered,0.2508812812119165,—,Clean classic profile; versatile on legumes and grilled vegetables.
INT-000674,Lesvos Hills • New South Wales,New South Wales,South Australia,Koroneiki,2024.0247428933637,EVOO,golden,5.935078359965351,3.2513620629298354,3.7938418191027328,ripe tomato;dried herbs;almond,soft;rounded;subtle heat,none,"two-phase, cold",filtered,0.3367185455434517,—,Gentle island blend with ripe fruit notes; friendly for desserts and light sautés.
INT-000528,Mytilene Estate • Victoria,Victoria,Victoria,Picual,2024.0370924015072,EVOO,golden-green,5.20834213450822,3.735215609526563,4.079254002855456,ripe tomato;oregano;dried fig,rounded;pleasant;light pepper,none,"two-phase, cold",filtered,0.38335837261864103,—,Classically soft Kolovi suitable for mild salads.
INT-000197,Olympia Fields • Languedoc,Languedoc,Languedoc,Koroneiki,2023.9078002897659,EVOO,green-gold,6.912856951285409,6.036581577251322,6.269082346739161,fresh-cut grass;green almond;citrus zest,balanced;clean;medium pepper,none,three-phase,filtered,0.2873179686374451,—,Clean classic profile; versatile on legumes and grilled vegetables.
INT-000714,Saronic Shores • Trás-os-Montes,Trás-os-Montes,Trás-os-Montes,Koroneiki,2023.9624956205187,EVOO,golden-green,5.456190775007044,3.8647475066034547,5.448196207310597,ripe apple;herbs;almond,smooth;gentle bitterness,none,cold extraction,filtered,0.3529494891878968,—,"Attica blend, approachable and smooth for everyday use."
INT-000690,Makri Heritage • Galilee,Galilee,Judean Hills,Chetoui,2023.888919605366,EVOO,emerald green,8.076254881123342,4.484978577259214,6.32638191924707,tomato leaf;green pepper;fresh herbs,crisply bitter;vivid pepper,none,"cold extraction, decanter",unfiltered,0.2546981909130765,—,"Distinct Makri cultivar, tomato‑leaf aromas and vibrant pepper; superb for bruschetta."
INT-000061,Sitia Sunrise • Fès-Meknès,Fès-Meknès,Taza,Picholine,2023.980997850113,EVOO,bright green,7.541508531936853,5.286044781038298,7.334907293548935,green tomato;artichoke;nettle,firm bitterness;spicy tail,none,"three-phase, inert gas",filtered,0.21098806516465873,—,High‑energy Sitia EVOO with classic Cretan grassiness; for soups and grilled octopus.
INT-000577,Peloponnesian Grove • Victoria,Victoria,Victoria,Picual,2023.9740646942046,EVOO,deep green-gold,7.9586027931109395,6.491114886662275,6.8678998908427795,green apple;fresh-cut grass;tomato leaf;artichoke,balanced;slightly peppery;almond finish,none,cold-extracted <27°C,filtered,0.23365089236647948,—,Koroneiki from Messinia with bright green fruitiness and a peppery finish; ideal for salads and grilled fish.
INT-000632,Tsounati Mountain • Trás-os-Montes,Trás-os-Montes,Alentejo,Manzanilla,2023.9687579244855,EVOO,deep green,8.637330859276545,5.798075635167104,8.146299881083715,wild greens;artichoke;oregano,bold bitterness;strong pepper,none,"cold extraction, two-phase",unfiltered,0.21189423279953792,—,Mountain Tsounati with intense pepper and wild herb character.
INT-000432,Laconian Peaks • Sacramento Valley,Sacramento Valley,Sonoma,Chemlali,2023.9939494006564,EVOO,bright green,6.479991237312951,5.3970249416592235,6.514585941939908,green banana;wild herbs;chicory,gentle bitterness;clean;long aftertaste,none,"two-phase mill, cold",unfiltered,0.30574814003700385,—,"Athinolia brings elegance and floral notes, softened by Koroneiki; versatile everyday oil."
INT-000604,Nestos Riverbank • Hawke's Bay,Hawke's Bay,Wairarapa,Barnea,2024.0096210202216,EVOO,green,7.1872613144181745,5.272493699096733,6.457778066195178,green tomato;rocket;peppercorn,firm;spicy;clean finish,none,"cold, inert gas",filtered,0.21458546864642616,—,Thracian blend with zesty tomato‑leaf and spicy finish.
INT-000443,Thassos Throumpa • Provence,Provence,Languedoc,Koroneiki,2023.9785774262525,EVOO,golden,4.905255103982877,3.04681415100139,3.1311849394819617,ripe olive;dried almond;hay,mellow;sweet entry;light pepper,none,cold extraction,unfiltered,0.43008974124164223,—,Soft island profile with ripe notes; ideal for pastries and mellow dishes.
INT-000437,Lesvos Hills • Taza,Taza,Marrakech-Safi,Leccino,2023.9946609340557,EVOO,golden,5.363401743862773,4.648173200072561,3.009550489551193,ripe tomato;dried herbs;almond,soft;rounded;subtle heat,none,"two-phase, cold",filtered,0.42030408370855227,—,Gentle island blend with ripe fruit notes; friendly for desserts and light sautés.
INT-000248,Phthiotis Vale • O'Higgins,O'Higgins,Maule,Arbosana,2024.0328528377295,EVOO,golden,5.588133775169211,3.262995177687582,3.719647423777352,ripe apple;dried herb;almond,soft;low bitterness;light heat,none,cold extraction,filtered,0.3924576807799075,—,"Gentle mainland blend with friendly, ripe flavor profile."
INT-000587,Olympia Fields • Judean Hills,Judean Hills,Judean Hills,Koroneiki,2024.0131665788185,EVOO,green-gold,6.784057295761068,5.17794131011182,5.1357674945776495,fresh-cut grass;green almond;citrus zest,balanced;clean;medium pepper,none,three-phase,filtered,0.2711870820955482,—,Clean classic profile; versatile on legumes and grilled vegetables.
INT-000570,Phthiotis Vale • Wairarapa,Wairarapa,Wairarapa,Leccino,2024.0299943710484,EVOO,golden,4.823065143701998,2.8,3.1314576395554066,ripe apple;dried herb;almond,soft;low bitterness;light heat,none,cold extraction,filtered,0.3930049825866092,—,"Gentle mainland blend with friendly, ripe flavor profile."
INT-000091,Sitia Sunrise • Balıkesir,Balıkesir,Aydın,Mission,2024.0187066384576,EVOO,bright green,7.204635534090532,6.309645047445241,7.392879511673362,green tomato;artichoke;nettle,firm bitterness;spicy tail,none,"three-phase, inert gas",filtered,0.1875,—,High‑energy Sitia EVOO with classic Cretan grassiness; for soups and grilled octopus.
INT-000651,Laconian Peaks • Hawke's Bay,Hawke's Bay,Wairarapa,Picual,2024.0529094979415,EVOO,bright green,7.3764350205666105,5.659180696114215,6.465043542231473,green banana;wild herbs;chicory,gentle bitterness;clean;long aftertaste,none,"two-phase mill, cold",unfiltered,0.3239736676857877,—,"Athinolia brings elegance and floral notes, softened by Koroneiki; versatile everyday oil."
INT-000182,Nestos Riverbank • Aydın,Aydın,Aydın,Frantoio,2024.1103751583933,EVOO,green,6.660753865843542,4.969756411688242,7.000648789608374,green tomato;rocket;peppercorn,firm;spicy;clean finish,none,"cold, inert gas",filtered,0.2915761023438252,—,Thracian blend with zesty tomato‑leaf and spicy finish.
INT-000791,Phthiotis Vale • Wairarapa,Wairarapa,Hawke's Bay,Koroneiki,2023.9217435554517,EVOO,golden,4.8,3.0353980618789906,2.75,ripe apple;dried herb;almond,soft;low bitterness;light heat,none,cold extraction,filtered,0.40652942614331716,—,"Gentle mainland blend with friendly, ripe flavor profile."
INT-000555,Chalkidiki Grove • Extremadura,Extremadura,Valencia,Chemlali,2024.0591255323907,EVOO,green,7.322743613532831,5.084477010760177,6.011780953653501,fresh grass;green apple;thyme,balanced;crisp;clean finish,none,"two-phase, cold",filtered,0.33140981529271274,—,Northern Greek blend with bright aromatics and tidy finish; great with greens pies.
INT-000291,Laconian Peaks • Victoria,Victoria,South Australia,Picual,2023.9843973573225,EVOO,bright green,7.4574101391680125,5.269718752597587,5.961251182068289,green banana;wild herbs;chicory,gentle bitterness;clean;long aftertaste,none,"two-phase mill, cold",unfiltered,0.3115248391141873,—,"Athinolia brings elegance and floral notes, softened by Koroneiki; versatile everyday oil."
INT-000159,Phthiotis Vale • Fès-Meknès,Fès-Meknès,Fès-Meknès,Picholine,2023.968400056117,EVOO,golden,5.684303725905259,3.348121210869139,3.008197661698391,ripe apple;dried herb;almond,soft;low bitterness;light heat,none,cold extraction,filtered,0.4284570128824025,—,"Gentle mainland blend with friendly, ripe flavor profile."
INT-000070,Laconian Peaks • Sonoma,Sonoma,Napa,Cornicabra,2024.0240911765818,EVOO,bright green,6.5213755551538215,4.138051831161689,6.219841812720552,green banana;wild herbs;chicory,gentle bitterness;clean;long aftertaste,none,"two-phase mill, cold",unfiltered,0.25705013008138977,—,"Athinolia brings elegance and floral notes, softened by Koroneiki; versatile everyday oil."
INT-000518,Olympia Fields • Zgharta,Zgharta,Zgharta,Coratina,2024.0868032680246,EVOO,green-gold,7.018919792079187,4.735410458472856,6.352134222486441,fresh-cut grass;green almond;citrus zest,balanced;clean;medium pepper,none,three-phase,filtered,0.28591869125037966,—,Clean classic profile; versatile on legumes and grilled vegetables.
INT-000132,Zakynthos Grove • Hawke's Bay,Hawke's Bay,Hawke's Bay,Arbequina,2024.0685329185128,EVOO,green,6.947223880557973,5.680677702094668,4.198420337890466,green banana;parsley;pepper leaf,fresh;medium body;clean heat,none,two-phase,unfiltered,0.30168405423736044,—,Lively island Koroneiki with green banana and clean peppery lift.
INT-000045,Makri Heritage • Umbria,Umbria,Puglia,Arbequina,2023.9890304747591,EVOO,emerald green,7.512564792833951,5.6235726451721275,6.836842125870119,tomato leaf;green pepper;fresh herbs,crisply bitter;vivid pepper,none,"cold extraction, decanter",unfiltered,0.2217418706780792,—,"Distinct Makri cultivar, tomato‑leaf aromas and vibrant pepper; superb for bruschetta."
INT-000071,Corfiot Lianolia • Zgharta,Zgharta,Zgharta,Chetoui,2023.9846160579239,EVOO,green-gold,7.601744291547727,3.8221332185366563,5.106457000922662,green walnut;wild fennel;apple skin,silky;fresh;medium pepper,none,cold-extracted,filtered,0.2980987332475647,—,Elegant Corfiot oil with herbal lift; shines on steamed vegetables and fish.
INT-000692,Cretan Ridge • Alentejo,Alentejo,Ribatejo,Cornicabra,2023.9940837074282,EVOO,vibrant green,9.102654843005931,6.450465262165382,8.077936369632214,rocket;artichoke;green almond;oregano,robust;spicy;lingering pepper,none,"three-phase mill, nitrogen blanket",filtered,0.2373236915001528,NYIOOC 2024 Gold (fictional),Powerful Cretan profile with high fruitiness and pungency; stands up to roasted meats.
INT-000356,Tsounati Mountain • Irbid,Irbid,Ajloun,Taggiasca,2024.0592906448649,EVOO,deep green,8.283186297633591,5.885619891223006,7.746540688245121,wild greens;artichoke;oregano,bold bitterness;strong pepper,none,"cold extraction, two-phase",unfiltered,0.21636876303553287,—,Mountain Tsounati with intense pepper and wild herb character.
INT-000445,Lesvos Hills • Victoria,Victoria,South Australia,Coratina,2024.0776862250634,EVOO,golden,5.650357998612676,4.7890922930924855,4.185294990389263,ripe tomato;dried herbs;almond,soft;rounded;subtle heat,none,"two-phase, cold",filtered,0.40354524189607754,—,Gentle island blend with ripe fruit notes; friendly for desserts and light sautés.
INT-000762,Messinian Classic • Victoria,Victoria,Victoria,Taggiasca,2024.0267261936233,EVOO,green-gold,7.050624982047835,5.838380629847051,6.347816917985466,artichoke;arugula;green almond,assertive;peppery;structured,none,cold-extracted,filtered,0.24984381474175008,—,Quintessential Messinian Koroneiki; assertive but balanced; for red sauces and grills.
INT-000136,Nestos Riverbank • İzmir,İzmir,Aydın,Mission,2024.0559804363584,EVOO,green,6.332271920848597,5.883441379768035,6.94045449631187,green tomato;rocket;peppercorn,firm;spicy;clean finish,none,"cold, inert gas",filtered,0.27470190033795144,—,Thracian blend with zesty tomato‑leaf and spicy finish.
INT-000083,Tsounati Mountain • Fès-Meknès,Fès-Meknès,Marrakech-Safi,Frantoio,2023.9788263007842,EVOO,deep green,8.08045065776062,5.807610627037156,8.17606667106338,wild greens;artichoke;oregano,bold bitterness;strong pepper,none,"cold extraction, two-phase",unfiltered,0.25926897468616744,—,Mountain Tsounati with intense pepper and wild herb character.
INT-000166,Laconian Peaks • Judean Hills,Judean Hills,Galilee,Frantoio,2023.8872178952734,EVOO,bright green,6.9003294836973215,4.685991786377092,6.102444432730867,green banana;wild herbs;chicory,gentle bitterness;clean;long aftertaste,none,"two-phase mill, cold",unfiltered,0.3307062236182874,—,"Athinolia brings elegance and floral notes, softened by Koroneiki; versatile everyday oil."
INT-000165,Zakynthos Grove • Valencia,Valencia,Extremadura,Frantoio,2024.0646811712027,EVOO,green,6.804296752891266,5.633893108115831,5.80506704165487,green banana;parsley;pepper leaf,fresh;medium body;clean heat,none,two-phase,unfiltered,0.32746613691960474,—,Lively island Koroneiki with green banana and clean peppery lift.
INT-000029,Zakynthos Grove • Koura,Koura,Akkar,Chetoui,2023.9943814187122,EVOO,green,7.058964660608109,4.848333969751936,4.920364909480412,green banana;parsley;pepper leaf,fresh;medium body;clean heat,none,two-phase,unfiltered,0.30961330614935106,—,Lively island Koroneiki with green banana and clean peppery lift.
INT-000449,Olympia Fields • Irbid,Irbid,Ajloun,Chemlali,2024.0200341171585,EVOO,green-gold,6.899749451761972,5.462415825933065,5.529176510845101,fresh-cut grass;green almond;citrus zest,balanced;clean;medium pepper,none,three-phase,filtered,0.29749246232166854,—,Clean classic profile; versatile on legumes and grilled vegetables.
INT-000194,Zakynthos Grove • Aydın,Aydın,İzmir,Frantoio,2023.963552501608,EVOO,green,7.105623834231308,4.23596814520886,6.0552517492013855,green banana;parsley;pepper leaf,fresh;medium body;clean heat,none,two-phase,unfiltered,0.29713984348531164,—,Lively island Koroneiki with green banana and clean peppery lift.
INT-000240,Mytilene Estate • Koura,Koura,Akkar,Frantoio,2024.0092370128373,EVOO,golden-green,6.5290713985033015,4.647433340451955,4.088254659100244,ripe tomato;oregano;dried fig,rounded;pleasant;light pepper,none,"two-phase, cold",filtered,0.37539042238987924,—,Classically soft Kolovi suitable for mild salads.
INT-000725,Phthiotis Vale • Tuscany,Tuscany,Tuscany,Picholine,2023.9462522633653,EVOO,golden,4.8,3.2057274380362966,2.75,ripe apple;dried herb;almond,soft;low bitterness;light heat,none,cold extraction,filtered,0.38254749635382224,—,"Gentle mainland blend with friendly, ripe flavor profile."
INT-000731,Olympia Fields • Zgharta,Zgharta,Akkar,Cornicabra,2024.0236278132445,EVOO,green-gold,6.889121452644779,5.102233262075673,6.6477950267520916,fresh-cut grass;green almond;citrus zest,balanced;clean;medium pepper,none,three-phase,filtered,0.2506677721787801,—,Clean classic profile; versatile on legumes and grilled vegetables.
INT-000137,Thassos Throumpa • Hawke's Bay,Hawke's Bay,Wairarapa,Koroneiki,2023.9770440087755,EVOO,golden,5.103551313659901,2.877605826955424,2.75,ripe olive;dried almond;hay,mellow;sweet entry;light pepper,none,cold extraction,unfiltered,0.4527038297415297,—,Soft island profile with ripe notes; ideal for pastries and mellow dishes.
INT-000665,Argolic Breeze • İzmir,İzmir,Balıkesir,Chetoui,2024.1447180444359,EVOO,golden-green,5.931300014646139,2.846683279686686,4.05237585418097,ripe apple;pear;chamomile,mild;buttery;light pepper,none,cold-extracted <27°C,filtered,0.35392218679194776,—,Classic Manaki with mild bitterness and delicate aromas; great for baking and white cheeses.
INT-000312,Peloponnesian Grove • South Australia,South Australia,New South Wales,Arbequina,2024.094266685829,EVOO,deep green-gold,7.663829885726122,5.337196688714406,5.884791864822647,green apple;fresh-cut grass;tomato leaf;artichoke,balanced;slightly peppery;almond finish,none,cold-extracted <27°C,filtered,0.28441046719102514,—,Koroneiki from Messinia with bright green fruitiness and a peppery finish; ideal for salads and grilled fish.
INT-000141,Arcadian Orchard • Balıkesir,Balıkesir,İzmir,Chemlali,2023.9954284681191,EVOO,golden,5.807327807541808,3.505916058098626,4.179282908429176,ripe pear;chamomile;almond,buttery;gentle bitterness,none,cold extraction,filtered,0.4115861027882522,—,Approachable blend suited for everyday cooking and baking.
INT-000474,Makri Heritage • Irbid,Irbid,Irbid,Arbequina,2024.0530819118676,EVOO,emerald green,7.977179056470675,4.4981633467389175,6.986182731694795,tomato leaf;green pepper;fresh herbs,crisply bitter;vivid pepper,none,"cold extraction, decanter",unfiltered,0.25900713294586913,—,"Distinct Makri cultivar, tomato‑leaf aromas and vibrant pepper; superb for bruschetta."
7,Corfiot Lianolia,Ionian Islands,Corfu,Lianolia Kerkyras,2024.0,EVOO,green-gold,7.0,4.0,5.0,green walnut;wild fennel;apple skin,silky;fresh;medium pepper,none,cold-extracted,filtered,0.32,—,Elegant Corfiot oil with herbal lift; shines on steamed vegetables and fish.
INT-000729,Kefalonian Bay • Balıkesir,Balıkesir,İzmir,Taggiasca,2023.9769426323735,EVOO,golden-green,5.841486900663052,3.897467935024483,4.7284075981592295,ripe apple;oregano;almond,round;mildly peppery,none,cold extraction,filtered,0.3677266563000779,—,Island blend leaning ripe and round; table‑friendly and forgiving.
INT-000756,Phthiotis Vale • Umbria,Umbria,Umbria,Mission,2023.9422059351255,EVOO,golden,5.4629342456032415,2.8,3.246527774230563,ripe apple;dried herb;almond,soft;low bitterness;light heat,none,cold extraction,filtered,0.4002061761096972,—,"Gentle mainland blend with friendly, ripe flavor profile."
INT-000074,Mytilene Estate • Mendoza,Mendoza,La Rioja,Leccino,2024.046828836292,EVOO,golden-green,5.822119655189679,4.184985551363583,3.5126545539239094,ripe tomato;oregano;dried fig,rounded;pleasant;light pepper,none,"two-phase, cold",filtered,0.3981180210127579,—,Classically soft Kolovi suitable for mild salads.
INT-000560,Mytilene Estate • Languedoc,Languedoc,Provence,Arbosana,2023.951112441287,EVOO,golden-green,6.170285847533087,4.476592242239873,4.716266236697997,ripe tomato;oregano;dried fig,rounded;pleasant;light pepper,none,"two-phase, cold",filtered,0.37397708133493796,—,Classically soft Kolovi suitable for mild salads.
INT-000300,Corfiot Lianolia • Maule,Maule,Maule,Coratina,2024.0323338276044,EVOO,green-gold,6.614330764227891,4.2949163718184185,4.561501356566974,green walnut;wild fennel;apple skin,silky;fresh;medium pepper,none,cold-extracted,filtered,0.3091651407515623,—,Elegant Corfiot oil with herbal lift; shines on steamed vegetables and fish.
INT-000146,Zakynthos Grove • Catamarca,Catamarca,La Rioja,Leccino,2023.9495818815024,EVOO,green,7.060068093292673,4.5486809740129255,5.168304159295287,green banana;parsley;pepper leaf,fresh;medium body;clean heat,none,two-phase,unfiltered,0.3532148719751769,—,Lively island Koroneiki with green banana and clean peppery lift.
INT-000293,Arcadian Orchard • Irbid,Irbid,Ajloun,Arbequina,2023.958959368987,EVOO,golden,6.718723560345995,4.3368564539424375,4.044792658861733,ripe pear;chamomile;almond,buttery;gentle bitterness,none,cold extraction,filtered,0.411556921732857,—,Approachable blend suited for everyday cooking and baking.
INT-000235,Peloponnesian Grove • Ajloun,Ajloun,Ajloun,Taggiasca,2023.9689548426556,EVOO,deep green-gold,8.329701719131746,6.283675297329176,6.435511030444315,green apple;fresh-cut grass;tomato leaf;artichoke,balanced;slightly peppery;almond finish,none,cold-extracted <27°C,filtered,0.2498568985619413,—,Koroneiki from Messinia with bright green fruitiness and a peppery finish; ideal for salads and grilled fish.
INT-000221,Arcadian Orchard • Beira Interior,Beira Interior,Beira Interior,Mission,2023.97354159575,EVOO,golden,6.580466773098922,3.8504948097886422,4.180951567466659,ripe pear;chamomile;almond,buttery;gentle bitterness,none,cold extraction,filtered,0.4023138616227424,—,Approachable blend suited for everyday cooking and baking.
INT-000451,Zakynthos Grove • Colchagua,Colchagua,Colchagua,Picual,2023.9969206314834,EVOO,green,6.517853378098987,5.268766984301328,5.984083060893671,green banana;parsley;pepper leaf,fresh;medium body;clean heat,none,two-phase,unfiltered,0.28945465457683783,—,Lively island Koroneiki with green banana and clean peppery lift.
INT-000381,Arcadian Orchard • Ribatejo,Ribatejo,Beira Interior,Picual,2024.0139119600467,EVOO,golden,5.5784208705880864,4.496969662737343,4.739631976538172,ripe pear;chamomile;almond,buttery;gentle bitterness,none,cold extraction,filtered,0.38529277337653056,—,Approachable blend suited for everyday cooking and baking.
INT-000133,Peloponnesian Grove • Sfax,Sfax,Sfax,Arbequina,2023.9799685541677,EVOO,deep green-gold,7.496658031228677,6.050784505895656,7.373294671815347,green apple;fresh-cut grass;tomato leaf;artichoke,balanced;slightly peppery;almond finish,none,cold-extracted <27°C,filtered,0.24683075068880672,—,Koroneiki from Messinia with bright green fruitiness and a peppery finish; ideal for salads and grilled fish.
INT-000376,Peloponnesian Grove • Taza,Taza,Marrakech-Safi,Frantoio,2023.9448515575327,EVOO,deep green-gold,8.128460237459763,6.0337555614951395,6.392985033758896,green apple;fresh-cut grass;tomato leaf;artichoke,balanced;slightly peppery;almond finish,none,cold-extracted <27°C,filtered,0.2324193482447747,—,Koroneiki from Messinia with bright green fruitiness and a peppery finish; ideal for salads and grilled fish.
INT-000405,Messinian Classic • New South Wales,New South Wales,Victoria,Hojiblanca,2023.9178406840917,EVOO,green-gold,6.809011526545657,5.909342123595704,6.418744949371815,artichoke;arugula;green almond,assertive;peppery;structured,none,cold-extracted,filtered,0.268812259293249,—,Quintessential Messinian Koroneiki; assertive but balanced; for red sauces and grills.
INT-000523,Lesvos Hills • Corsica,Corsica,Corsica,Picholine,2023.9829791377158,EVOO,golden,5.946090372333436,4.084710142797503,3.782697157430719,ripe tomato;dried herbs;almond,soft;rounded;subtle heat,none,"two-phase, cold",filtered,0.37758306929807567,—,Gentle island blend with ripe fruit notes; friendly for desserts and light sautés.
INT-000750,Peloponnesian Grove • Irbid,Irbid,Ajloun,Manzanilla,2024.0419699168995,EVOO,deep green-gold,8.286412624236412,5.276938435713832,6.678104849530607,green apple;fresh-cut grass;tomato leaf;artichoke,balanced;slightly peppery;almond finish,none,cold-extracted <27°C,filtered,0.2476363758207133,—,Koroneiki from Messinia with bright green fruitiness and a peppery finish; ideal for salads and grilled fish.
INT-000427,Cretan Ridge • Catamarca,Catamarca,La Rioja,Picholine,2024.0589413201903,EVOO,vibrant green,9.2,7.2,8.183582263155175,rocket;artichoke;green almond;oregano,robust;spicy;lingering pepper,none,"three-phase mill, nitrogen blanket",filtered,0.22312092974301714,NYIOOC 2024 Gold (fictional),Powerful Cretan profile with high fruitiness and pungency; stands up to roasted meats.
INT-000042,Messinian Classic • Marrakech-Safi,Marrakech-Safi,Marrakech-Safi,Picual,2024.0198020794544,EVOO,green-gold,7.047183996401075,6.542299118164204,7.6618081527402495,artichoke;arugula;green almond,assertive;peppery;structured,none,cold-extracted,filtered,0.2637103277908138,—,Quintessential Messinian Koroneiki; assertive but balanced; for red sauces and grills.
INT-000496,Laconian Peaks • Judean Hills,Judean Hills,Galilee,Manzanilla,2023.9916483447914,EVOO,bright green,7.599159492019796,4.834193801753176,6.046018181181579,green banana;wild herbs;chicory,gentle bitterness;clean;long aftertaste,none,"two-phase mill, cold",unfiltered,0.2574956577173297,—,"Athinolia brings elegance and floral notes, softened by Koroneiki; versatile everyday oil."
INT-000109,Arcadian Orchard • Catalonia,Catalonia,Valencia,Hojiblanca,2024.0917778016221,EVOO,golden,6.089681746200991,3.6825614044186152,4.181065058163375,ripe pear;chamomile;almond,buttery;gentle bitterness,none,cold extraction,filtered,0.3596157115978793,—,Approachable blend suited for everyday cooking and baking.
INT-000345,Saronic Shores • Corsica,Corsica,Languedoc,Coratina,2023.8764893669945,EVOO,golden-green,5.920957287434075,3.8997776336546712,4.101140984730037,ripe apple;herbs;almond,smooth;gentle bitterness,none,cold extraction,filtered,0.3630200045966799,—,"Attica blend, approachable and smooth for everyday use."
INT-000057,Chalkidiki Grove • Taza,Taza,Taza,Mission,2023.9743546301447,EVOO,green,7.381187710816967,4.849765844305337,6.268375610518937,fresh grass;green apple;thyme,balanced;crisp;clean finish,none,"two-phase, cold",filtered,0.33846093295858154,—,Northern Greek blend with bright aromatics and tidy finish; great with greens pies.
INT-000260,Arcadian Orchard • Irbid,Irbid,Ajloun,Barnea,2023.995469401432,EVOO,golden,5.920662275477999,4.704329385679203,4.539735170167166,ripe pear;chamomile;almond,buttery;gentle bitterness,none,cold extraction,filtered,0.43131867383709604,—,Approachable blend suited for everyday cooking and baking.
INT-000480,Phthiotis Vale • Umbria,Umbria,Sicily,Taggiasca,2024.0151603285778,EVOO,golden,4.8,3.4108465808850372,3.449838281298372,ripe apple;dried herb;almond,soft;low bitterness;light heat,none,cold extraction,filtered,0.4003683328930914,—,"Gentle mainland blend with friendly, ripe flavor profile."
INT-000626,Kefalonian Bay • O'Higgins,O'Higgins,O'Higgins,Arbosana,2023.9416610647727,EVOO,golden-green,6.714954083743848,4.544847880048673,5.696192640250829,ripe apple;oregano;almond,round;mildly peppery,none,cold extraction,filtered,0.32629197951284,—,Island blend leaning ripe and round; table‑friendly and forgiving.
INT-000228,Thassos Throumpa • Koura,Koura,Akkar,Picholine,2023.9738733657607,EVOO,golden,5.227109087047646,3.119320588861401,4.337968365568543,ripe olive;dried almond;hay,mellow;sweet entry;light pepper,none,cold extraction,unfiltered,0.4625,—,Soft island profile with ripe notes; ideal for pastries and mellow dishes.
INT-000213,Thassos Throumpa • Kairouan,Kairouan,Kairouan,Leccino,2024.0000866885446,EVOO,golden,4.8,2.8997747777530405,3.8893051182643608,ripe olive;dried almond;hay,mellow;sweet entry;light pepper,none,cold extraction,unfiltered,0.4625,—,Soft island profile with ripe notes; ideal for pastries and mellow dishes.
INT-000594,Arcadian Orchard • Irbid,Irbid,Irbid,Chetoui,2023.9840653021267,EVOO,golden,5.604934030935445,4.258200698437604,4.795877747707511,ripe pear;chamomile;almond,buttery;gentle bitterness,none,cold extraction,filtered,0.4023959235891091,—,Approachable blend suited for everyday cooking and baking.
INT-000333,Makri Heritage • Mendoza,Mendoza,Catamarca,Leccino,2023.9542461401368,EVOO,emerald green,8.07418357300031,4.489311468042125,5.874297856977363,tomato leaf;green pepper;fresh herbs,crisply bitter;vivid pepper,none,"cold extraction, decanter",unfiltered,0.2992883277320022,—,"Distinct Makri cultivar, tomato‑leaf aromas and vibrant pepper; superb for bruschetta."
INT-000025,Mytilene Estate • Ajloun,Ajloun,Ajloun,Mission,2024.04762897663,EVOO,golden-green,6.123635037722201,3.752875679777212,3.349253851144626,ripe tomato;oregano;dried fig,rounded;pleasant;light pepper,none,"two-phase, cold",filtered,0.4522052930593728,—,Classically soft Kolovi suitable for mild salads.
INT-000781,Sitia Sunrise • Mendoza,Mendoza,Catamarca,Arbequina,2024.0387152258725,EVOO,bright green,8.084007704139754,5.8795524106406445,7.245611828634437,green tomato;artichoke;nettle,firm bitterness;spicy tail,none,"three-phase, inert gas",filtered,0.1875,—,High‑energy Sitia EVOO with classic Cretan grassiness; for soups and grilled octopus.
INT-000352,Tsounati Mountain • Colchagua,Colchagua,Maule,Frantoio,2023.9268947068435,EVOO,deep green,8.514610454538795,5.7259700553027235,7.946011746357272,wild greens;artichoke;oregano,bold bitterness;strong pepper,none,"cold extraction, two-phase",unfiltered,0.2209962685424528,—,Mountain Tsounati with intense pepper and wild herb character.
INT-000357,Lesvos Hills • Mendoza,Mendoza,La Rioja,Chetoui,2023.9710485461426,EVOO,golden,6.434588995430909,4.132218725298161,4.5496882159661345,ripe tomato;dried herbs;almond,soft;rounded;subtle heat,none,"two-phase, cold",filtered,0.44172364338747516,—,Gentle island blend with ripe fruit notes; friendly for desserts and light sautés.
INT-000052,Cretan Ridge • Akkar,Akkar,Akkar,Arbosana,2024.0746263683845,EVOO,vibrant green,9.2,6.854010797260576,8.25,rocket;artichoke;green almond;oregano,robust;spicy;lingering pepper,none,"three-phase mill, nitrogen blanket",filtered,0.2097919578780984,NYIOOC 2024 Gold (fictional),Powerful Cretan profile with high fruitiness and pungency; stands up to roasted meats.
INT-000332,Mytilene Estate • Provence,Provence,Provence,Chemlali,2024.074727208701,EVOO,golden-green,5.974907716783682,3.148327198710639,3.868231500193723,ripe tomato;oregano;dried fig,rounded;pleasant;light pepper,none,"two-phase, cold",filtered,0.3916288936721862,—,Classically soft Kolovi suitable for mild salads.
INT-000734,Tsounati Mountain • Alentejo,Alentejo,Beira Interior,Koroneiki,2024.0172033227448,EVOO,deep green,8.239916313837865,6.0424554725569415,8.25,wild greens;artichoke;oregano,bold bitterness;strong pepper,none,"cold extraction, two-phase",unfiltered,0.26894781861199235,—,Mountain Tsounati with intense pepper and wild herb character.
INT-000630,Olympia Fields • Judean Hills,Judean Hills,Galilee,Taggiasca,2024.1101370882332,EVOO,green-gold,7.7124522725232705,5.2896494408796695,5.542397237778138,fresh-cut grass;green almond;citrus zest,balanced;clean;medium pepper,none,three-phase,filtered,0.31299158586157494,—,Clean classic profile; versatile on legumes and grilled vegetables.
INT-000502,Zakynthos Grove • Fès-Meknès,Fès-Meknès,Marrakech-Safi,Hojiblanca,2024.0528305159714,EVOO,green,7.159522079733003,5.3059261444209795,6.206055075692536,green banana;parsley;pepper leaf,fresh;medium body;clean heat,none,two-phase,unfiltered,0.33140132530691196,—,Lively island Koroneiki with green banana and clean peppery lift.
INT-000335,Nestos Riverbank • Zgharta,Zgharta,Zgharta,Manzanilla,2024.0324728541573,EVOO,green,6.866485680912399,4.78518026783235,6.811714334783727,green tomato;rocket;peppercorn,firm;spicy;clean finish,none,"cold, inert gas",filtered,0.247138697274066,—,Thracian blend with zesty tomato‑leaf and spicy finish.
INT-000286,Mytilene Estate • Maule,Maule,O'Higgins,Coratina,2024.0070969967553,EVOO,golden-green,6.1045418600547,4.70173792398619,3.879074126302724,ripe tomato;oregano;dried fig,rounded;pleasant;light pepper,none,"two-phase, cold",filtered,0.4008932090144776,—,Classically soft Kolovi suitable for mild salads.
19,Nestos Riverbank,Thrace,Xanthi,Makri;Koroneiki,2024.0,EVOO,green,7.0,5.0,7.0,green tomato;rocket;peppercorn,firm;spicy;clean finish,none,"cold, inert gas",filtered,0.27,—,Thracian blend with zesty tomato‑leaf and spicy finish.
INT-000585,Kefalonian Bay • Maule,Maule,Colchagua,Chemlali,2023.9672790437257,EVOO,golden-green,5.2016759755185875,4.061372433082568,4.07633460501508,ripe apple;oregano;almond,round;mildly peppery,none,cold extraction,filtered,0.4229384647141132,—,Island blend leaning ripe and round; table‑friendly and forgiving.
INT-000749,Tsounati Mountain • Mendoza,Mendoza,Catamarca,Barnea,2023.9863556033063,EVOO,deep green,7.896983818832098,6.230699169256701,8.25,wild greens;artichoke;oregano,bold bitterness;strong pepper,none,"cold extraction, two-phase",unfiltered,0.2661670132684083,—,Mountain Tsounati with intense pepper and wild herb character.
INT-000084,Argolic Breeze • Sicily,Sicily,Umbria,Chetoui,2024.0387587478408,EVOO,golden-green,6.4659533875071995,3.2459906272877785,3.121186743963861,ripe apple;pear;chamomile,mild;buttery;light pepper,none,cold-extracted <27°C,filtered,0.36363763822951034,—,Classic Manaki with mild bitterness and delicate aromas; great for baking and white cheeses.
INT-000062,Mytilene Estate • Napa,Napa,San Joaquin,Leccino,2024.0143656666894,EVOO,golden-green,5.68275670674439,4.228078674826783,4.310620950125759,ripe tomato;oregano;dried fig,rounded;pleasant;light pepper,none,"two-phase, cold",filtered,0.39716903327886677,—,Classically soft Kolovi suitable for mild salads.
INT-000463,Arcadian Orchard • O'Higgins,O'Higgins,Maule,Mission,2023.9606129624106,EVOO,golden,5.606520924790315,3.9579900020821253,3.9554351918855315,ripe pear;chamomile;almond,buttery;gentle bitterness,none,cold extraction,filtered,0.35150123607305606,—,Approachable blend suited for everyday cooking and baking.
INT-000292,Olympia Fields • Wairarapa,Wairarapa,Wairarapa,Taggiasca,2024.026921952437,EVOO,green-gold,6.660099718220937,5.244360580555849,5.585873097197646,fresh-cut grass;green almond;citrus zest,balanced;clean;medium pepper,none,three-phase,filtered,0.314101352344899,—,Clean classic profile; versatile on legumes and grilled vegetables.
INT-000448,Arcadian Orchard • Colchagua,Colchagua,Maule,Cornicabra,2023.907403208349,EVOO,golden,5.932344478047623,4.029455826070487,3.8452372422430297,ripe pear;chamomile;almond,buttery;gentle bitterness,none,cold extraction,filtered,0.3730443501623861,—,Approachable blend suited for everyday cooking and baking.
INT-000183,Arcadian Orchard • Zgharta,Zgharta,Zgharta,Picual,2024.0091524571264,EVOO,golden,6.061043268814786,3.807717381297196,4.130681399297631,ripe pear;chamomile;almond,buttery;gentle bitterness,none,cold extraction,filtered,0.411353395598533,—,Approachable blend suited for everyday cooking and baking.
INT-000550,Kefalonian Bay • New South Wales,New South Wales,New South Wales,Frantoio,2023.990944754013,EVOO,golden-green,5.440069950361114,3.899993588009779,5.224795658665349,ripe apple;oregano;almond,round;mildly peppery,none,cold extraction,filtered,0.36438200077893895,—,Island blend leaning ripe and round; table‑friendly and forgiving.
INT-000501,Cretan Ridge • Beira Interior,Beira Interior,Beira Interior,Barnea,2023.925160707461,EVOO,vibrant green,8.713683570466825,6.176680057610054,8.25,rocket;artichoke;green almond;oregano,robust;spicy;lingering pepper,none,"three-phase mill, nitrogen blanket",filtered,0.23812279526546132,NYIOOC 2024 Gold (fictional),Powerful Cretan profile with high fruitiness and pungency; stands up to roasted meats.
INT-000224,Peloponnesian Grove • Hawke's Bay,Hawke's Bay,Wairarapa,Taggiasca,2024.0534917178468,EVOO,deep green-gold,7.575047070378946,5.980569436165318,7.212401876095917,green apple;fresh-cut grass;tomato leaf;artichoke,balanced;slightly peppery;almond finish,none,cold-extracted <27°C,filtered,0.2710980758329752,—,Koroneiki from Messinia with bright green fruitiness and a peppery finish; ideal for salads and grilled fish.
INT-000425,Argolic Breeze • Sousse,Sousse,Kairouan,Chemlali,2023.9669479377915,EVOO,golden-green,6.609228283396856,2.961713352194422,3.269047454299665,ripe apple;pear;chamomile,mild;buttery;light pepper,none,cold-extracted <27°C,filtered,0.3275699096467584,—,Classic Manaki with mild bitterness and delicate aromas; great for baking and white cheeses.
INT-000468,Makri Heritage • Galilee,Galilee,Galilee,Mission,2024.0816696789352,EVOO,emerald green,7.7902602042130225,5.498000854074932,6.292972899868323,tomato leaf;green pepper;fresh herbs,crisply bitter;vivid pepper,none,"cold extraction, decanter",unfiltered,0.2884922775581549,—,"Distinct Makri cultivar, tomato‑leaf aromas and vibrant pepper; superb for bruschetta."
INT-000320,Corfiot Lianolia • Andalusia,Andalusia,Andalusia,Cornicabra,2024.0918875323662,EVOO,green-gold,7.079382136858706,3.9612390131868924,4.374102398754171,green walnut;wild fennel;apple skin,silky;fresh;medium pepper,none,cold-extracted,filtered,0.3526421575704908,—,Elegant Corfiot oil with herbal lift; shines on steamed vegetables and fish.
INT-000329,Chalkidiki Grove • Liguria,Liguria,Liguria,Cornicabra,2023.9225527601225,EVOO,green,6.806158657976034,4.942770663263953,6.554317866101889,fresh grass;green apple;thyme,balanced;crisp;clean finish,none,"two-phase, cold",filtered,0.32952663077776045,—,Northern Greek blend with bright aromatics and tidy finish; great with greens pies.
INT-000444,Zakynthos Grove • Puglia,Puglia,Puglia,Manzanilla,2023.9955543970927,EVOO,green,6.570117544758975,4.860682729694356,6.343116077363178,green banana;parsley;pepper leaf,fresh;medium body;clean heat,none,two-phase,unfiltered,0.3217629563629014,—,Lively island Koroneiki with green banana and clean peppery lift.
INT-000494,Lesvos Hills • Provence,Provence,Corsica,Manzanilla,2024.051183463506,EVOO,golden,5.753640837005368,3.350428904830114,4.8005874037520675,ripe tomato;dried herbs;almond,soft;rounded;subtle heat,none,"two-phase, cold",filtered,0.4044572633569691,—,Gentle island blend with ripe fruit notes; friendly for desserts and light sautés.
INT-000177,Olympia Fields • Aydın,Aydın,Aydın,Picholine,2024.0063033284646,EVOO,green-gold,6.824539427037664,5.010127014494032,5.834823611051745,fresh-cut grass;green almond;citrus zest,balanced;clean;medium pepper,none,three-phase,filtered,0.2683301305184178,—,Clean classic profile; versatile on legumes and grilled vegetables.
INT-000677,Mytilene Estate • Hawke's Bay,Hawke's Bay,Wairarapa,Mission,2024.019172545608,EVOO,golden-green,6.1925968440651475,4.447035545236727,3.0487188552307014,ripe tomato;oregano;dried fig,rounded;pleasant;light pepper,none,"two-phase, cold",filtered,0.4042368347398219,—,Classically soft Kolovi suitable for mild salads.
INT-000364,Lesvos Hills • Sousse,Sousse,Sousse,Chemlali,2024.0042057410235,EVOO,golden,6.562557489554139,3.730404688062854,4.077491018768744,ripe tomato;dried herbs;almond,soft;rounded;subtle heat,none,"two-phase, cold",filtered,0.41570892740149223,—,Gentle island blend with ripe fruit notes; friendly for desserts and light sautés.
INT-000164,Kefalonian Bay • Akkar,Akkar,Zgharta,Leccino,2024.0405748090245,EVOO,golden-green,6.251346466033464,4.007522755997819,4.466889881161658,ripe apple;oregano;almond,round;mildly peppery,none,cold extraction,filtered,0.34884974510828154,—,Island blend leaning ripe and round; table‑friendly and forgiving.
INT-000249,Zakynthos Grove • Corsica,Corsica,Languedoc,Chemlali,2023.9714687643725,EVOO,green,6.735876513699228,4.736691778623,6.598302694897727,green banana;parsley;pepper leaf,fresh;medium body;clean heat,none,two-phase,unfiltered,0.33369756522037386,—,Lively island Koroneiki with green banana and clean peppery lift.
INT-000519,Olympia Fields • Napa,Napa,Napa,Manzanilla,2024.0587239062747,EVOO,green-gold,7.461473994260838,4.570069492842544,5.498938761025953,fresh-cut grass;green almond;citrus zest,balanced;clean;medium pepper,none,three-phase,filtered,0.28858369110472726,—,Clean classic profile; versatile on legumes and grilled vegetables.
INT-000711,Makri Heritage • Ajloun,Ajloun,Irbid,Mission,2023.9150954124805,EVOO,emerald green,8.514741832272122,4.995924308399838,6.791594056296032,tomato leaf;green pepper;fresh herbs,crisply bitter;vivid pepper,none,"cold extraction, decanter",unfiltered,0.3105775956330591,—,"Distinct Makri cultivar, tomato‑leaf aromas and vibrant pepper; superb for bruschetta."
INT-000075,Lesvos Hills • Aydın,Aydın,İzmir,Picual,2024.0009761869744,EVOO,golden,5.9747167773747165,4.007435466192255,4.530069436447782,ripe tomato;dried herbs;almond,soft;rounded;subtle heat,none,"two-phase, cold",filtered,0.37577450631393383,—,Gentle island blend with ripe fruit notes; friendly for desserts and light sautés.
INT-000644,Saronic Shores • Trás-os-Montes,Trás-os-Montes,Beira Interior,Chetoui,2023.9981582059352,EVOO,golden-green,6.315660461676126,3.6004533815050555,4.4165106982788895,ripe apple;herbs;almond,smooth;gentle bitterness,none,cold extraction,filtered,0.3181084793910124,—,"Attica blend, approachable and smooth for everyday use."
INT-000406,Saronic Shores • Sfax,Sfax,Sousse,Cornicabra,2024.0272684728911,EVOO,golden-green,6.115643727687477,4.330742203899781,4.522433936573347,ripe apple;herbs;almond,smooth;gentle bitterness,none,cold extraction,filtered,0.36502692789484353,—,"Attica blend, approachable and smooth for everyday use."
INT-000105,Peloponnesian Grove • Languedoc,Languedoc,Languedoc,Chetoui,2024.0285033327552,EVOO,deep green-gold,7.392100386990169,5.336496832286336,6.96076011494279,green apple;fresh-cut grass;tomato leaf;artichoke,balanced;slightly peppery;almond finish,none,cold-extracted <27°C,filtered,0.29719529484702706,—,Koroneiki from Messinia with bright green fruitiness and a peppery finish; ideal for salads and grilled fish.
INT-000115,Olympia Fields • Galilee,Galilee,Judean Hills,Koroneiki,2023.949400801218,EVOO,green-gold,6.89387761892933,4.672939628174752,6.358142257984069,fresh-cut grass;green almond;citrus zest,balanced;clean;medium pepper,none,three-phase,filtered,0.2956556816227416,—,Clean classic profile; versatile on legumes and grilled vegetables.
INT-000301,Mytilene Estate • Beira Interior,Beira Interior,Ribatejo,Cornicabra,2023.977873097902,EVOO,golden-green,6.058322061307211,4.321021724818295,3.582303110280961,ripe tomato;oregano;dried fig,rounded;pleasant;light pepper,none,"two-phase, cold",filtered,0.39273823265895497,—,Classically soft Kolovi suitable for mild salads.
INT-000093,Corfiot Lianolia • Kairouan,Kairouan,Kairouan,Frantoio,2023.9337236402123,EVOO,green-gold,7.499810974190292,3.4967868017226027,5.061987456054192,green walnut;wild fennel;apple skin,silky;fresh;medium pepper,none,cold-extracted,filtered,0.35812830355930897,—,Elegant Corfiot oil with herbal lift; shines on steamed vegetables and fish.
INT-000412,Kefalonian Bay • Wairarapa,Wairarapa,Wairarapa,Leccino,2024.0478440491775,EVOO,golden-green,6.025601249995623,4.279322521432077,4.975245508211702,ripe apple;oregano;almond,round;mildly peppery,none,cold extraction,filtered,0.3998004248751819,—,Island blend leaning ripe and round; table‑friendly and forgiving.
INT-000090,Mytilene Estate • İzmir,İzmir,Balıkesir,Coratina,2023.9331329716688,EVOO,golden-green,6.1128450574674655,2.802090747611407,3.4271934726005617,ripe tomato;oregano;dried fig,rounded;pleasant;light pepper,none,"two-phase, cold",filtered,0.3895224304137515,—,Classically soft Kolovi suitable for mild salads.
INT-000529,Cretan Ridge • Akkar,Akkar,Akkar,Taggiasca,2023.9758093571495,EVOO,vibrant green,9.2,7.2,7.836157766501583,rocket;artichoke;green almond;oregano,robust;spicy;lingering pepper,none,"three-phase mill, nitrogen blanket",filtered,0.20743299304815813,NYIOOC 2024 Gold (fictional),Powerful Cretan profile with high fruitiness and pungency; stands up to roasted meats.
INT-000735,Phthiotis Vale • Maule,Maule,O'Higgins,Koroneiki,2023.9452725386138,EVOO,golden,5.089251668264287,3.1842337298899164,2.75,ripe apple;dried herb;almond,soft;low bitterness;light heat,none,cold extraction,filtered,0.43351152429594353,—,"Gentle mainland blend with friendly, ripe flavor profile."
INT-000744,Mytilene Estate • New South Wales,New South Wales,Victoria,Taggiasca,2024.0354743974801,EVOO,golden-green,6.308066362046985,4.03843320677963,3.8433682752795493,ripe tomato;oregano;dried fig,rounded;pleasant;light pepper,none,"two-phase, cold",filtered,0.4576148466202247,—,Classically soft Kolovi suitable for mild salads.
INT-000576,Thassos Throumpa • Aydın,Aydın,Aydın,Chemlali,2024.0928203362573,EVOO,golden,4.8,3.1469981566092127,2.75,ripe olive;dried almond;hay,mellow;sweet entry;light pepper,none,cold extraction,unfiltered,0.4239342697850566,—,Soft island profile with ripe notes; ideal for pastries and mellow dishes.
INT-000498,Mytilene Estate • South Australia,South Australia,South Australia,Barnea,2024.0644321414393,EVOO,golden-green,6.100161275444999,3.421216866343193,3.6281794208783444,ripe tomato;oregano;dried fig,rounded;pleasant;light pepper,none,"two-phase, cold",filtered,0.4023843758332358,—,Classically soft Kolovi suitable for mild salads.
INT-000495,Peloponnesian Grove • Sacramento Valley,Sacramento Valley,Sacramento Valley,Coratina,2023.9317899595442,EVOO,deep green-gold,7.172612094951686,6.172024363153985,7.2068598417520455,green apple;fresh-cut grass;tomato leaf;artichoke,balanced;slightly peppery;almond finish,none,cold-extracted <27°C,filtered,0.24943692772740333,—,Koroneiki from Messinia with bright green fruitiness and a peppery finish; ideal for salads and grilled fish.
12,Kefalonian Bay,Ionian Islands,Kefalonia,Koroneiki;Ntopia,2024.0,EVOO,golden-green,6.0,4.0,5.0,ripe apple;oregano;almond,round;mildly peppery,none,cold extraction,filtered,0.36,—,Island blend leaning ripe and round; table‑friendly and forgiving.
INT-000434,Corfiot Lianolia • Aydın,Aydın,Balıkesir,Barnea,2024.021932759382,EVOO,green-gold,8.115069858531632,4.116153087668668,5.436457356152654,green walnut;wild fennel;apple skin,silky;fresh;medium pepper,none,cold-extracted,filtered,0.33297579685284495,—,Elegant Corfiot oil with herbal lift; shines on steamed vegetables and fish.
INT-000044,Sitia Sunrise • Hawke's Bay,Hawke's Bay,Hawke's Bay,Picual,2024.014241733602,EVOO,bright green,8.064873330197251,6.148393056563854,7.806212901100054,green tomato;artichoke;nettle,firm bitterness;spicy tail,none,"three-phase, inert gas",filtered,0.2009930420900482,—,High‑energy Sitia EVOO with classic Cretan grassiness; for soups and grilled octopus.
INT-000043,Phthiotis Vale • Beira Interior,Beira Interior,Alentejo,Cornicabra,2023.9833782228652,EVOO,golden,4.978543530825871,2.8,3.625846279728738,ripe apple;dried herb;almond,soft;low bitterness;light heat,none,cold extraction,filtered,0.4076734401767847,—,"Gentle mainland blend with friendly, ripe flavor profile."
INT-000168,Nestos Riverbank • Koura,Koura,Koura,Koroneiki,2024.0206415345692,EVOO,green,6.752996898640636,4.518268007766542,7.023210565326416,green tomato;rocket;peppercorn,firm;spicy;clean finish,none,"cold, inert gas",filtered,0.2770653051072861,—,Thracian blend with zesty tomato‑leaf and spicy finish.
INT-000704,Saronic Shores • South Australia,South Australia,South Australia,Cornicabra,2024.1349536192577,EVOO,golden-green,5.487172129809052,4.5424101081766155,4.957716585062226,ripe apple;herbs;almond,smooth;gentle bitterness,none,cold extraction,filtered,0.3379445727045554,—,"Attica blend, approachable and smooth for everyday use."
INT-000614,Messinian Classic • Wairarapa,Wairarapa,Hawke's Bay,Picual,2024.0011469469882,EVOO,green-gold,6.55377634275474,6.405297200535722,6.157175692574673,artichoke;arugula;green almond,assertive;peppery;structured,none,cold-extracted,filtered,0.2917682234349275,—,Quintessential Messinian Koroneiki; assertive but balanced; for red sauces and grills.
INT-000413,Argolic Breeze • Extremadura,Extremadura,Castilla-La Mancha,Mission,2024.024609004066,EVOO,golden-green,5.735966564644598,3.0807370506004816,3.3478276857185367,ripe apple;pear;chamomile,mild;buttery;light pepper,none,cold-extracted <27°C,filtered,0.41041624806426596,—,Classic Manaki with mild bitterness and delicate aromas; great for baking and white cheeses.
INT-000179,Saronic Shores • Catalonia,Catalonia,Catalonia,Barnea,2023.985421682928,EVOO,golden-green,6.265180677548224,3.9166305133515227,4.825440243116669,ripe apple;herbs;almond,smooth;gentle bitterness,none,cold extraction,filtered,0.36631997705972574,—,"Attica blend, approachable and smooth for everyday use."
INT-000531,Corfiot Lianolia • Judean Hills,Judean Hills,Galilee,Picholine,2023.9915627622513,EVOO,green-gold,7.622076339226644,3.541816886440523,4.384072255893269,green walnut;wild fennel;apple skin,silky;fresh;medium pepper,none,cold-extracted,filtered,0.35075025918914915,—,Elegant Corfiot oil with herbal lift; shines on steamed vegetables and fish.
INT-000540,Laconian Peaks • Zgharta,Zgharta,Akkar,Barnea,2024.0334953091233,EVOO,bright green,6.830426936996642,5.67813024972167,6.5831342270949476,green banana;wild herbs;chicory,gentle bitterness;clean;long aftertaste,none,"two-phase mill, cold",unfiltered,0.29341241291178805,—,"Athinolia brings elegance and floral notes, softened by Koroneiki; versatile everyday oil."
INT-000178,Kefalonian Bay • Balıkesir,Balıkesir,Balıkesir,Cornicabra,2023.9932722529281,EVOO,golden-green,6.31152864268789,3.8784965823690065,4.790240244394796,ripe apple;oregano;almond,round;mildly peppery,none,cold extraction,filtered,0.38194865716140997,—,Island blend leaning ripe and round; table‑friendly and forgiving.
INT-000666,Lesvos Hills • Provence,Provence,Corsica,Mission,2024.0248090322789,EVOO,golden,6.336475392151287,3.803652514623172,4.041850383848674,ripe tomato;dried herbs;almond,soft;rounded;subtle heat,none,"two-phase, cold",filtered,0.39676976684107707,—,Gentle island blend with ripe fruit notes; friendly for desserts and light sautés.
INT-000767,Saronic Shores • Judean Hills,Judean Hills,Judean Hills,Coratina,2024.0535514545436,EVOO,golden-green,5.826636663246867,3.9951625230447254,4.410098770643043,ripe apple;herbs;almond,smooth;gentle bitterness,none,cold extraction,filtered,0.38840405137945117,—,"Attica blend, approachable and smooth for everyday use."
INT-000258,Sitia Sunrise • Ajloun,Ajloun,Irbid,Arbosana,2024.003651845715,EVOO,bright green,7.4549712629031815,5.677632841309532,6.950350763527628,green tomato;artichoke;nettle,firm bitterness;spicy tail,none,"three-phase, inert gas",filtered,0.18993246128726443,—,High‑energy Sitia EVOO with classic Cretan grassiness; for soups and grilled octopus.
INT-000766,Lesvos Hills • Aydın,Aydın,Balıkesir,Picual,2023.8555018826498,EVOO,golden,6.317975405158052,3.9663378357744867,3.110723512133542,ripe tomato;dried herbs;almond,soft;rounded;subtle heat,none,"two-phase, cold",filtered,0.35473826123489777,—,Gentle island blend with ripe fruit notes; friendly for desserts and light sautés.
INT-000544,Makri Heritage • O'Higgins,O'Higgins,Maule,Picholine,2024.027134985976,EVOO,emerald green,7.965202055763479,5.3169088851501805,7.181318243893924,tomato leaf;green pepper;fresh herbs,crisply bitter;vivid pepper,none,"cold extraction, decanter",unfiltered,0.26863621286558476,—,"Distinct Makri cultivar, tomato‑leaf aromas and vibrant pepper; superb for bruschetta."
16,Olympia Fields,Peloponnese,Elis (Ilia),Koroneiki,2024.0,EVOO,green-gold,7.0,5.0,6.0,fresh-cut grass;green almond;citrus zest,balanced;clean;medium pepper,none,three-phase,filtered,0.29,—,Clean classic profile; versatile on legumes and grilled vegetables.
4,Cretan Ridge,Crete,Kolymvari (PDO),Koroneiki;Tsounati,2024.0,EVOO,vibrant green,9.0,7.0,8.0,rocket;artichoke;green almond;oregano,robust;spicy;lingering pepper,none,"three-phase mill, nitrogen blanket",filtered,0.22,NYIOOC 2024 Gold (fictional),Powerful Cretan profile with high fruitiness and pungency; stands up to roasted meats.
INT-000336,Nestos Riverbank • Koura,Koura,Koura,Coratina,2023.8988141908121,EVOO,green,6.834913273474819,4.721790515950174,7.797306387558993,green tomato;rocket;peppercorn,firm;spicy;clean finish,none,"cold, inert gas",filtered,0.28190847543573905,—,Thracian blend with zesty tomato‑leaf and spicy finish.
INT-000257,Saronic Shores • Wairarapa,Wairarapa,Hawke's Bay,Chetoui,2023.9373389958764,EVOO,golden-green,5.853827364269792,4.266908377164929,5.212653972991961,ripe apple;herbs;almond,smooth;gentle bitterness,none,cold extraction,filtered,0.34418415622540716,—,"Attica blend, approachable and smooth for everyday use."
INT-000581,Peloponnesian Grove • Zgharta,Zgharta,Akkar,Picholine,2023.97654418431,EVOO,deep green-gold,8.029647433316576,5.6325172942569735,6.980692973302991,green apple;fresh-cut grass;tomato leaf;artichoke,balanced;slightly peppery;almond finish,none,cold-extracted <27°C,filtered,0.23694628316744293,—,Koroneiki from Messinia with bright green fruitiness and a peppery finish; ideal for salads and grilled fish.
INT-000446,Messinian Classic • La Rioja,La Rioja,Mendoza,Manzanilla,2023.9708320534412,EVOO,green-gold,7.128408380967196,5.594503733167066,7.219880535845423,artichoke;arugula;green almond,assertive;peppery;structured,none,cold-extracted,filtered,0.28203243159133184,—,Quintessential Messinian Koroneiki; assertive but balanced; for red sauces and grills.
INT-000339,Olympia Fields • Irbid,Irbid,Ajloun,Picholine,2023.9516533922144,EVOO,green-gold,6.909972411262382,5.647448814310028,5.301728808499266,fresh-cut grass;green almond;citrus zest,balanced;clean;medium pepper,none,three-phase,filtered,0.26044314838670546,—,Clean classic profile; versatile on legumes and grilled vegetables.
INT-000479,Peloponnesian Grove • Hawke's Bay,Hawke's Bay,Wairarapa,Chemlali,2024.0531173603517,EVOO,deep green-gold,8.366693965021508,6.002941250329639,7.078140813209243,green apple;fresh-cut grass;tomato leaf;artichoke,balanced;slightly peppery;almond finish,none,cold-extracted <27°C,filtered,0.28009599932797524,—,Koroneiki from Messinia with bright green fruitiness and a peppery finish; ideal for salads and grilled fish.
INT-000418,Corfiot Lianolia • Mendoza,Mendoza,La Rioja,Arbequina,2023.975444362416,EVOO,green-gold,7.191859876991296,3.606549863879043,5.143215495686329,green walnut;wild fennel;apple skin,silky;fresh;medium pepper,none,cold-extracted,filtered,0.29709251380514584,—,Elegant Corfiot oil with herbal lift; shines on steamed vegetables and fish.
INT-000639,Peloponnesian Grove • İzmir,İzmir,Balıkesir,Chetoui,2023.9432293526502,EVOO,deep green-gold,7.9050166866979374,6.096325469960454,7.726355298226652,green apple;fresh-cut grass;tomato leaf;artichoke,balanced;slightly peppery;almond finish,none,cold-extracted <27°C,filtered,0.22116251911435472,—,Koroneiki from Messinia with bright green fruitiness and a peppery finish; ideal for salads and grilled fish.
INT-000715,Messinian Classic • Liguria,Liguria,Puglia,Manzanilla,2023.9927432804764,EVOO,green-gold,6.870096440520183,5.501608322236998,6.808199923988808,artichoke;arugula;green almond,assertive;peppery;structured,none,cold-extracted,filtered,0.27420857992662323,—,Quintessential Messinian Koroneiki; assertive but balanced; for red sauces and grills.
INT-000325,Makri Heritage • Catamarca,Catamarca,La Rioja,Chetoui,2024.0485939161001,EVOO,emerald green,8.186053601446318,5.150720669640361,6.600855585450853,tomato leaf;green pepper;fresh herbs,crisply bitter;vivid pepper,none,"cold extraction, decanter",unfiltered,0.2980806892855366,—,"Distinct Makri cultivar, tomato‑leaf aromas and vibrant pepper; superb for bruschetta."
INT-000458,Corfiot Lianolia • Trás-os-Montes,Trás-os-Montes,Beira Interior,Koroneiki,2023.9943916639256,EVOO,green-gold,7.4911159677601145,3.7728799502182238,5.619409552134313,green walnut;wild fennel;apple skin,silky;fresh;medium pepper,none,cold-extracted,filtered,0.32196213291609926,—,Elegant Corfiot oil with herbal lift; shines on steamed vegetables and fish.
10,Chalkidiki Grove,Macedonia,Chalkidiki,Chondrolia Chalkidikis;Koroneiki,2024.0,EVOO,green,7.0,5.0,6.0,fresh grass;green apple;thyme,balanced;crisp;clean finish,none,"two-phase, cold",filtered,0.34,—,Northern Greek blend with bright aromatics and tidy finish; great with greens pies.
INT-000250,Phthiotis Vale • Hawke's Bay,Hawke's Bay,Wairarapa,Coratina,2023.9833495898606,EVOO,golden,4.8,3.1472964303032187,2.75,ripe apple;dried herb;almond,soft;low bitterness;light heat,none,cold extraction,filtered,0.4227191715264037,—,"Gentle mainland blend with friendly, ripe flavor profile."
INT-000023,Cretan Ridge • Provence,Provence,Corsica,Leccino,2024.0085775873656,EVOO,vibrant green,9.2,6.537186548230644,7.522412049262821,rocket;artichoke;green almond;oregano,robust;spicy;lingering pepper,none,"three-phase mill, nitrogen blanket",filtered,0.22307688451321728,NYIOOC 2024 Gold (fictional),Powerful Cretan profile with high fruitiness and pungency; stands up to roasted meats.
INT-000222,Corfiot Lianolia • Provence,Provence,Provence,Arbequina,2024.0182755134285,EVOO,green-gold,6.720508850952708,3.991070569342639,4.2780148218021825,green walnut;wild fennel;apple skin,silky;fresh;medium pepper,none,cold-extracted,filtered,0.2950374752704953,—,Elegant Corfiot oil with herbal lift; shines on steamed vegetables and fish.
INT-000548,Nestos Riverbank • Judean Hills,Judean Hills,Judean Hills,Taggiasca,2024.068899681032,EVOO,green,6.91039749932205,5.182992670542312,7.488871306503507,green tomato;rocket;peppercorn,firm;spicy;clean finish,none,"cold, inert gas",filtered,0.26443146822629215,—,Thracian blend with zesty tomato‑leaf and spicy finish.
INT-000691,Zakynthos Grove • Hawke's Bay,Hawke's Bay,Hawke's Bay,Frantoio,2024.0068264639401,EVOO,green,7.05010522706847,4.902252633568072,5.61998500747594,green banana;parsley;pepper leaf,fresh;medium body;clean heat,none,two-phase,unfiltered,0.3193099705915985,—,Lively island Koroneiki with green banana and clean peppery lift.
INT-000785,Sitia Sunrise • Maule,Maule,Colchagua,Chetoui,2023.9714876294504,EVOO,bright green,7.893553360887323,6.079038538685599,7.487169099754145,green tomato;artichoke;nettle,firm bitterness;spicy tail,none,"three-phase, inert gas",filtered,0.1875,—,High‑energy Sitia EVOO with classic Cretan grassiness; for soups and grilled octopus.
INT-000627,Mytilene Estate • Umbria,Umbria,Umbria,Arbequina,2023.994631354318,EVOO,golden-green,6.096333690232321,4.11330511925915,2.9389875518740243,ripe tomato;oregano;dried fig,rounded;pleasant;light pepper,none,"two-phase, cold",filtered,0.43241402470335233,—,Classically soft Kolovi suitable for mild salads.
INT-000341,Peloponnesian Grove • Wairarapa,Wairarapa,Hawke's Bay,Chemlali,2023.9984409000397,EVOO,deep green-gold,8.580620656418896,6.249262773271506,6.695376597502526,green apple;fresh-cut grass;tomato leaf;artichoke,balanced;slightly peppery;almond finish,none,cold-extracted <27°C,filtered,0.27093856986969106,—,Koroneiki from Messinia with bright green fruitiness and a peppery finish; ideal for salads and grilled fish.
INT-000672,Corfiot Lianolia • Wairarapa,Wairarapa,Wairarapa,Chetoui,2023.9043070783187,EVOO,green-gold,7.162992304912966,3.810585209060042,5.2490737187308145,green walnut;wild fennel;apple skin,silky;fresh;medium pepper,none,cold-extracted,filtered,0.3284860292828374,—,Elegant Corfiot oil with herbal lift; shines on steamed vegetables and fish.
INT-000204,Mytilene Estate • New South Wales,New South Wales,New South Wales,Picholine,2023.9949570968954,EVOO,golden-green,6.2349497473572875,3.2497261641564252,4.627999914439875,ripe tomato;oregano;dried fig,rounded;pleasant;light pepper,none,"two-phase, cold",filtered,0.4116205467062868,—,Classically soft Kolovi suitable for mild salads.
INT-000238,Nestos Riverbank • Catamarca,Catamarca,Catamarca,Koroneiki,2024.0307528428189,EVOO,green,8.002095254148262,4.9615210222517865,7.317872798421726,green tomato;rocket;peppercorn,firm;spicy;clean finish,none,"cold, inert gas",filtered,0.26528915020364496,—,Thracian blend with zesty tomato‑leaf and spicy finish.
INT-000094,Kefalonian Bay • Sonoma,Sonoma,Sacramento Valley,Hojiblanca,2023.9457128140982,EVOO,golden-green,6.562986629708974,3.632489536863503,5.592378531006948,ripe apple;oregano;almond,round;mildly peppery,none,cold extraction,filtered,0.3875356995078514,—,Island blend leaning ripe and round; table‑friendly and forgiving.
INT-000532,Kefalonian Bay • Trás-os-Montes,Trás-os-Montes,Beira Interior,Picual,2024.092419257222,EVOO,golden-green,5.705136437739677,4.234558620744441,4.725521744044144,ripe apple;oregano;almond,round;mildly peppery,none,cold extraction,filtered,0.3838918716531227,—,Island blend leaning ripe and round; table‑friendly and forgiving.
INT-000363,Chalkidiki Grove • Trás-os-Montes,Trás-os-Montes,Trás-os-Montes,Frantoio,2024.013264289095,EVOO,green,7.100345162015997,5.139183841183001,5.644321333786838,fresh grass;green apple;thyme,balanced;crisp;clean finish,none,"two-phase, cold",filtered,0.3255241796029376,—,Northern Greek blend with bright aromatics and tidy finish; great with greens pies.
INT-000545,Zakynthos Grove • Languedoc,Languedoc,Provence,Manzanilla,2023.9905661506134,EVOO,green,6.838100428930731,5.0477669809616375,5.270975806988961,green banana;parsley;pepper leaf,fresh;medium body;clean heat,none,two-phase,unfiltered,0.33165550465265564,—,Lively island Koroneiki with green banana and clean peppery lift.
INT-000285,Saronic Shores • Corsica,Corsica,Provence,Chemlali,2024.0927248636601,EVOO,golden-green,5.366573306539675,3.544667086736163,5.839548038421586,ripe apple;herbs;almond,smooth;gentle bitterness,none,cold extraction,filtered,0.33539659694345914,—,"Attica blend, approachable and smooth for everyday use."
INT-000185,Arcadian Orchard • Napa,Napa,Sonoma,Frantoio,2023.9559847412338,EVOO,golden,6.026652489871106,4.249092944139003,4.109546443371826,ripe pear;chamomile;almond,buttery;gentle bitterness,none,cold extraction,filtered,0.3607964305317765,—,Approachable blend suited for everyday cooking and baking.
INT-000650,Chalkidiki Grove • Wairarapa,Wairarapa,Hawke's Bay,Barnea,2023.9715181788456,EVOO,green,7.004107145652542,4.764618191863365,5.954987708057293,fresh grass;green apple;thyme,balanced;crisp;clean finish,none,"two-phase, cold",filtered,0.3384659232062665,—,Northern Greek blend with bright aromatics and tidy finish; great with greens pies.
INT-000397,Lesvos Hills • Valencia,Valencia,Catalonia,Picholine,2023.9423881498956,EVOO,golden,5.401397149499051,3.9325810724961947,3.5266294451915745,ripe tomato;dried herbs;almond,soft;rounded;subtle heat,none,"two-phase, cold",filtered,0.3910938558669282,—,Gentle island blend with ripe fruit notes; friendly for desserts and light sautés.
INT-000154,Zakynthos Grove • Galilee,Galilee,Galilee,Picual,2023.9783833392457,EVOO,green,6.980287373944451,5.761371188270592,5.3607946704521225,green banana;parsley;pepper leaf,fresh;medium body;clean heat,none,two-phase,unfiltered,0.3008883689429299,—,Lively island Koroneiki with green banana and clean peppery lift.
INT-000076,Chalkidiki Grove • İzmir,İzmir,Aydın,Taggiasca,2023.9237194977723,EVOO,green,7.318294602062013,4.853120384952937,7.092997010085743,fresh grass;green apple;thyme,balanced;crisp;clean finish,none,"two-phase, cold",filtered,0.3792665591099329,—,Northern Greek blend with bright aromatics and tidy finish; great with greens pies.
INT-000454,Peloponnesian Grove • Victoria,Victoria,New South Wales,Picual,2024.0904669661677,EVOO,deep green-gold,8.306146991364617,5.826443683242845,6.968903418459349,green apple;fresh-cut grass;tomato leaf;artichoke,balanced;slightly peppery;almond finish,none,cold-extracted <27°C,filtered,0.2747711797006304,—,Koroneiki from Messinia with bright green fruitiness and a peppery finish; ideal for salads and grilled fish.
INT-000696,Laconian Peaks • Sousse,Sousse,Sousse,Mission,2024.013006009808,EVOO,bright green,6.607534715069903,4.9794372714040485,6.283093867671249,green banana;wild herbs;chicory,gentle bitterness;clean;long aftertaste,none,"two-phase mill, cold",unfiltered,0.2739892559799566,—,"Athinolia brings elegance and floral notes, softened by Koroneiki; versatile everyday oil."
INT-000278,Tsounati Mountain • Sfax,Sfax,Kairouan,Picholine,2024.0267947824866,EVOO,deep green,8.412747154360806,5.464686542844259,7.235660384398367,wild greens;artichoke;oregano,bold bitterness;strong pepper,none,"cold extraction, two-phase",unfiltered,0.23294600193569065,—,Mountain Tsounati with intense pepper and wild herb character.
INT-000069,Arcadian Orchard • Trás-os-Montes,Trás-os-Montes,Beira Interior,Mission,2024.1163874194333,EVOO,golden,6.106481121830828,4.033120147580931,3.728780801952056,ripe pear;chamomile;almond,buttery;gentle bitterness,none,cold extraction,filtered,0.39623578005381194,—,Approachable blend suited for everyday cooking and baking.
INT-000515,Thassos Throumpa • Catamarca,Catamarca,La Rioja,Koroneiki,2024.0022896430019,EVOO,golden,4.974878785843301,2.8261929940425894,3.388674329093815,ripe olive;dried almond;hay,mellow;sweet entry;light pepper,none,cold extraction,unfiltered,0.4625,—,Soft island profile with ripe notes; ideal for pastries and mellow dishes.
INT-000189,Chalkidiki Grove • Catalonia,Catalonia,Andalusia,Coratina,2024.0673989883026,EVOO,green,6.734310474910109,4.710233969010507,6.317864211162106,fresh grass;green apple;thyme,balanced;crisp;clean finish,none,"two-phase, cold",filtered,0.3530453417361542,—,Northern Greek blend with bright aromatics and tidy finish; great with greens pies.
INT-000272,Sitia Sunrise • Corsica,Corsica,Languedoc,Manzanilla,2024.0697093674594,EVOO,bright green,7.818699501107712,5.491442029225253,7.547648150995338,green tomato;artichoke;nettle,firm bitterness;spicy tail,none,"three-phase, inert gas",filtered,0.1875,—,High‑energy Sitia EVOO with classic Cretan grassiness; for soups and grilled octopus.
INT-000237,Mytilene Estate • Beira Interior,Beira Interior,Beira Interior,Arbosana,2023.9836370771284,EVOO,golden-green,6.094591076455011,3.397552797560187,4.331227625603707,ripe tomato;oregano;dried fig,rounded;pleasant;light pepper,none,"two-phase, cold",filtered,0.33012253584248463,—,Classically soft Kolovi suitable for mild salads.
INT-000089,Zakynthos Grove • Sicily,Sicily,Sicily,Taggiasca,2023.9396232641093,EVOO,green,6.740660728318947,4.607909263316778,5.942198385506472,green banana;parsley;pepper leaf,fresh;medium body;clean heat,none,two-phase,unfiltered,0.33052145673347694,—,Lively island Koroneiki with green banana and clean peppery lift.
INT-000763,Lesvos Hills • Kairouan,Kairouan,Sfax,Coratina,2024.0855659133424,EVOO,golden,6.434702586395864,4.862323236899707,4.7565444092004645,ripe tomato;dried herbs;almond,soft;rounded;subtle heat,none,"two-phase, cold",filtered,0.3836777901216582,—,Gentle island blend with ripe fruit notes; friendly for desserts and light sautés.
INT-000118,Messinian Classic • Zgharta,Zgharta,Akkar,Mission,2024.0511241844854,EVOO,green-gold,6.816157871421692,6.673817220500546,7.56073438546335,artichoke;arugula;green almond,assertive;peppery;structured,none,cold-extracted,filtered,0.2646838681036141,—,Quintessential Messinian Koroneiki; assertive but balanced; for red sauces and grills.
INT-000126,Saronic Shores • Sousse,Sousse,Sfax,Mission,2023.9491197714551,EVOO,golden-green,6.213245037185811,4.180833446098069,4.513578086495128,ripe apple;herbs;almond,smooth;gentle bitterness,none,cold extraction,filtered,0.34757825705028794,—,"Attica blend, approachable and smooth for everyday use."
INT-000661,Zakynthos Grove • Koura,Koura,Koura,Hojiblanca,2024.0150792135003,EVOO,green,6.905294517306855,4.416072385137255,6.41379097060334,green banana;parsley;pepper leaf,fresh;medium body;clean heat,none,two-phase,unfiltered,0.3459519706803784,—,Lively island Koroneiki with green banana and clean peppery lift.
INT-000290,Phthiotis Vale • Sonoma,Sonoma,Sonoma,Barnea,2023.969637580965,EVOO,golden,5.195888912480944,2.8,3.0489544992905557,ripe apple;dried herb;almond,soft;low bitterness;light heat,none,cold extraction,filtered,0.3963056674011661,—,"Gentle mainland blend with friendly, ripe flavor profile."
INT-000239,Peloponnesian Grove • Maule,Maule,Maule,Picholine,2024.0832210997348,EVOO,deep green-gold,7.746753404263864,5.892390956707166,7.344746007509556,green apple;fresh-cut grass;tomato leaf;artichoke,balanced;slightly peppery;almond finish,none,cold-extracted <27°C,filtered,0.23225729061233133,—,Koroneiki from Messinia with bright green fruitiness and a peppery finish; ideal for salads and grilled fish.
1,Peloponnesian Grove,Peloponnese,Kalamata (PDO),Koroneiki,2024.0,EVOO,deep green-gold,8.0,6.0,7.0,green apple;fresh-cut grass;tomato leaf;artichoke,balanced;slightly peppery;almond finish,none,cold-extracted <27°C,filtered,0.25,—,Koroneiki from Messinia with bright green fruitiness and a peppery finish; ideal for salads and grilled fish.
INT-000792,Cretan Ridge • Akkar,Akkar,Zgharta,Leccino,2024.0584591039287,EVOO,vibrant green,9.2,7.2,8.074650681084083,rocket;artichoke;green almond;oregano,robust;spicy;lingering pepper,none,"three-phase mill, nitrogen blanket",filtered,0.2393690910139985,NYIOOC 2024 Gold (fictional),Powerful Cretan profile with high fruitiness and pungency; stands up to roasted meats.
INT-000603,Tsounati Mountain • Koura,Koura,Zgharta,Chetoui,2023.9963460031265,EVOO,deep green,7.844537188177149,5.981968854275547,7.5357082739941745,wild greens;artichoke;oregano,bold bitterness;strong pepper,none,"cold extraction, two-phase",unfiltered,0.2177502729423526,—,Mountain Tsounati with intense pepper and wild herb character.
INT-000795,Lesvos Hills • New South Wales,New South Wales,Victoria,Picholine,2023.933957962891,EVOO,golden,6.315573723858362,4.302088759151543,3.800372914119813,ripe tomato;dried herbs;almond,soft;rounded;subtle heat,none,"two-phase, cold",filtered,0.4048079334558422,—,Gentle island blend with ripe fruit notes; friendly for desserts and light sautés.
INT-000466,Zakynthos Grove • Provence,Provence,Languedoc,Arbequina,2024.0109738882502,EVOO,green,7.286797257901262,5.1147354366490765,5.063521765165408,green banana;parsley;pepper leaf,fresh;medium body;clean heat,none,two-phase,unfiltered,0.31339824658566107,—,Lively island Koroneiki with green banana and clean peppery lift.
INT-000279,Kefalonian Bay • Sfax,Sfax,Sousse,Manzanilla,2024.041783646847,EVOO,golden-green,6.02757621510274,3.5799268776401343,4.210766862924966,ripe apple;oregano;almond,round;mildly peppery,none,cold extraction,filtered,0.33935580970219975,—,Island blend leaning ripe and round; table‑friendly and forgiving.
INT-000625,Makri Heritage • Victoria,Victoria,New South Wales,Hojiblanca,2024.0320069727989,EVOO,emerald green,7.6951350431235115,4.834169353436413,6.747278529267019,tomato leaf;green pepper;fresh herbs,crisply bitter;vivid pepper,none,"cold extraction, decanter",unfiltered,0.3155301041703051,—,"Distinct Makri cultivar, tomato‑leaf aromas and vibrant pepper; superb for bruschetta."
INT-000117,Tsounati Mountain • Victoria,Victoria,New South Wales,Frantoio,2024.0577508790236,EVOO,deep green,7.681672689886665,6.15439268221319,7.179148481355962,wild greens;artichoke;oregano,bold bitterness;strong pepper,none,"cold extraction, two-phase",unfiltered,0.20335799245351655,—,Mountain Tsounati with intense pepper and wild herb character.
INT-000229,Makri Heritage • Aydın,Aydın,İzmir,Leccino,2023.9571662282526,EVOO,emerald green,8.081711374251691,5.060587326673702,6.680597820370428,tomato leaf;green pepper;fresh herbs,crisply bitter;vivid pepper,none,"cold extraction, decanter",unfiltered,0.2920438482161082,—,"Distinct Makri cultivar, tomato‑leaf aromas and vibrant pepper; superb for bruschetta."
INT-000757,Olympia Fields • South Australia,South Australia,South Australia,Koroneiki,2023.9658458568606,EVOO,green-gold,7.563955670765639,4.623335608126051,5.443540306315559,fresh-cut grass;green almond;citrus zest,balanced;clean;medium pepper,none,three-phase,filtered,0.2353218932391115,—,Clean classic profile; versatile on legumes and grilled vegetables.
INT-000421,Zakynthos Grove • İzmir,İzmir,Balıkesir,Arbosana,2023.9863458900445,EVOO,green,7.7710959115432905,4.362504712452337,6.369774687038975,green banana;parsley;pepper leaf,fresh;medium body;clean heat,none,two-phase,unfiltered,0.3585844461155863,—,Lively island Koroneiki with green banana and clean peppery lift.
INT-000435,Phthiotis Vale • Galilee,Galilee,Judean Hills,Frantoio,2023.9655085978159,EVOO,golden,4.89271140107819,3.3918041167629394,3.185756828213143,ripe apple;dried herb;almond,soft;low bitterness;light heat,none,cold extraction,filtered,0.43278699729633846,—,"Gentle mainland blend with friendly, ripe flavor profile."
INT-000275,Olympia Fields • Galilee,Galilee,Judean Hills,Koroneiki,2024.060717184829,EVOO,green-gold,6.6399806329863615,4.986173413238159,7.079748326416297,fresh-cut grass;green almond;citrus zest,balanced;clean;medium pepper,none,three-phase,filtered,0.3549944524505948,—,Clean classic profile; versatile on legumes and grilled vegetables.
INT-000319,Tsounati Mountain • Ribatejo,Ribatejo,Alentejo,Arbequina,2023.9714987983077,EVOO,deep green,8.380994026223503,5.613784160671533,8.25,wild greens;artichoke;oregano,bold bitterness;strong pepper,none,"cold extraction, two-phase",unfiltered,0.25091942861436056,—,Mountain Tsounati with intense pepper and wild herb character.
INT-000552,Olympia Fields • O'Higgins,O'Higgins,Colchagua,Frantoio,2023.9844265553609,EVOO,green-gold,6.553753743468121,5.218053004370684,6.752221929386765,fresh-cut grass;green almond;citrus zest,balanced;clean;medium pepper,none,three-phase,filtered,0.3069730729586384,—,Clean classic profile; versatile on legumes and grilled vegetables.
INT-000145,Laconian Peaks • Puglia,Puglia,Tuscany,Mission,2024.0195855109375,EVOO,bright green,6.725036180455992,5.418540132831767,6.850753266271162,green banana;wild herbs;chicory,gentle bitterness;clean;long aftertaste,none,"two-phase mill, cold",unfiltered,0.3188782835817425,—,"Athinolia brings elegance and floral notes, softened by Koroneiki; versatile everyday oil."
INT-000649,Chalkidiki Grove • Sousse,Sousse,Sousse,Taggiasca,2023.9180589610328,EVOO,green,6.475004991310226,4.851803085844196,5.973100964534795,fresh grass;green apple;thyme,balanced;crisp;clean finish,none,"two-phase, cold",filtered,0.32898499981055784,—,Northern Greek blend with bright aromatics and tidy finish; great with greens pies.
INT-000736,Nestos Riverbank • La Rioja,La Rioja,Catamarca,Frantoio,2023.9582140611242,EVOO,green,7.082553966090412,4.778961934307204,6.591078453903561,green tomato;rocket;peppercorn,firm;spicy;clean finish,none,"cold, inert gas",filtered,0.2539781725986465,—,Thracian blend with zesty tomato‑leaf and spicy finish.
INT-000727,Zakynthos Grove • Puglia,Puglia,Tuscany,Mission,2024.0280363098952,EVOO,green,7.008443949728943,4.6403999166702095,6.324503016460256,green banana;parsley;pepper leaf,fresh;medium body;clean heat,none,two-phase,unfiltered,0.3325748315973659,—,Lively island Koroneiki with green banana and clean peppery lift.
INT-000586,Phthiotis Vale • Zgharta,Zgharta,Akkar,Leccino,2024.0051838867062,EVOO,golden,4.8,2.8,2.8768289813143118,ripe apple;dried herb;almond,soft;low bitterness;light heat,none,cold extraction,filtered,0.4625,—,"Gentle mainland blend with friendly, ripe flavor profile."
INT-000370,Zakynthos Grove • Provence,Provence,Provence,Picholine,2024.0048262433386,EVOO,green,7.572878149389762,5.165109165723194,5.772121304054676,green banana;parsley;pepper leaf,fresh;medium body;clean heat,none,two-phase,unfiltered,0.3657787064282998,—,Lively island Koroneiki with green banana and clean peppery lift.
INT-000269,Argolic Breeze • İzmir,İzmir,İzmir,Picual,2024.026569385816,EVOO,golden-green,6.427641982140948,3.2731195905614223,3.808884699573803,ripe apple;pear;chamomile,mild;buttery;light pepper,none,cold-extracted <27°C,filtered,0.40129275599325637,—,Classic Manaki with mild bitterness and delicate aromas; great for baking and white cheeses.
INT-000568,Phthiotis Vale • Sacramento Valley,Sacramento Valley,Sonoma,Arbequina,2024.0089496512282,EVOO,golden,5.15484029441356,2.8852533333220873,2.75,ripe apple;dried herb;almond,soft;low bitterness;light heat,none,cold extraction,filtered,0.4413562572567731,—,"Gentle mainland blend with friendly, ripe flavor profile."
INT-000308,Lesvos Hills • Maule,Maule,Maule,Frantoio,2024.0566704992816,EVOO,golden,6.091035973146658,4.106160392876268,4.499182850622318,ripe tomato;dried herbs;almond,soft;rounded;subtle heat,none,"two-phase, cold",filtered,0.4281510022653292,—,Gentle island blend with ripe fruit notes; friendly for desserts and light sautés.
INT-000311,Tsounati Mountain • Languedoc,Languedoc,Languedoc,Leccino,2023.9682283493967,EVOO,deep green,7.370207379564004,5.589354964231873,8.25,wild greens;artichoke;oregano,bold bitterness;strong pepper,none,"cold extraction, two-phase",unfiltered,0.25085682867795983,—,Mountain Tsounati with intense pepper and wild herb character.
INT-000452,Chalkidiki Grove • Akkar,Akkar,Akkar,Leccino,2024.0957443887446,EVOO,green,7.056673405502125,4.676855872032411,6.097269566339647,fresh grass;green apple;thyme,balanced;crisp;clean finish,none,"two-phase, cold",filtered,0.33769891079269476,—,Northern Greek blend with bright aromatics and tidy finish; great with greens pies.
INT-000047,Nestos Riverbank • Umbria,Umbria,Liguria,Arbequina,2023.9877529127866,EVOO,green,7.586244181689988,4.767775970247737,6.749538302491328,green tomato;rocket;peppercorn,firm;spicy;clean finish,none,"cold, inert gas",filtered,0.2902808162544812,—,Thracian blend with zesty tomato‑leaf and spicy finish.
INT-000350,Makri Heritage • Umbria,Umbria,Sicily,Picual,2023.942441128138,EVOO,emerald green,8.043400337269237,5.759365138409597,6.822982941119395,tomato leaf;green pepper;fresh herbs,crisply bitter;vivid pepper,none,"cold extraction, decanter",unfiltered,0.2859197732229972,—,"Distinct Makri cultivar, tomato‑leaf aromas and vibrant pepper; superb for bruschetta."
INT-000372,Chalkidiki Grove • Aydın,Aydın,İzmir,Koroneiki,2023.936350287266,EVOO,green,6.1891176166792405,5.082224983313009,6.526598259273103,fresh grass;green apple;thyme,balanced;crisp;clean finish,none,"two-phase, cold",filtered,0.37770662228814283,—,Northern Greek blend with bright aromatics and tidy finish; great with greens pies.
INT-000524,Phthiotis Vale • Liguria,Liguria,Sicily,Picual,2024.0298913154024,EVOO,golden,4.8,3.5399891080894808,3.7668957718322504,ripe apple;dried herb;almond,soft;low bitterness;light heat,none,cold extraction,filtered,0.4060079145874379,—,"Gentle mainland blend with friendly, ripe flavor profile."
INT-000262,Sitia Sunrise • Sfax,Sfax,Sfax,Cornicabra,2023.939096029403,EVOO,bright green,6.858339768322098,5.698927577049111,6.886841145218418,green tomato;artichoke;nettle,firm bitterness;spicy tail,none,"three-phase, inert gas",filtered,0.1875,—,High‑energy Sitia EVOO with classic Cretan grassiness; for soups and grilled octopus.
INT-000196,Corfiot Lianolia • South Australia,South Australia,South Australia,Taggiasca,2023.979790368506,EVOO,green-gold,7.174195561273095,4.297580020540496,4.414257266750799,green walnut;wild fennel;apple skin,silky;fresh;medium pepper,none,cold-extracted,filtered,0.3276131469209818,—,Elegant Corfiot oil with herbal lift; shines on steamed vegetables and fish.
INT-000800,Makri Heritage • Taza,Taza,Fès-Meknès,Koroneiki,2024.0269410991248,EVOO,emerald green,7.896596385093792,4.73874054479977,6.269457906410109,tomato leaf;green pepper;fresh herbs,crisply bitter;vivid pepper,none,"cold extraction, decanter",unfiltered,0.29135926317202776,—,"Distinct Makri cultivar, tomato‑leaf aromas and vibrant pepper; superb for bruschetta."
INT-000673,Messinian Classic • Provence,Provence,Provence,Arbosana,2023.9949338269757,EVOO,green-gold,7.327636061881291,5.305565346253689,6.267338799701001,artichoke;arugula;green almond,assertive;peppery;structured,none,cold-extracted,filtered,0.22935850866695412,—,Quintessential Messinian Koroneiki; assertive but balanced; for red sauces and grills.
INT-000108,Chalkidiki Grove • Galilee,Galilee,Galilee,Taggiasca,2024.0135084976014,EVOO,green,6.461286532760393,4.94207724668294,6.261946077170542,fresh grass;green apple;thyme,balanced;crisp;clean finish,none,"two-phase, cold",filtered,0.322667244199877,—,Northern Greek blend with bright aromatics and tidy finish; great with greens pies.
INT-000060,Thassos Throumpa • Extremadura,Extremadura,Valencia,Taggiasca,2024.0071303372226,EVOO,golden,5.588819537893009,3.119413509781351,2.75,ripe olive;dried almond;hay,mellow;sweet entry;light pepper,none,cold extraction,unfiltered,0.44057540277575247,—,Soft island profile with ripe notes; ideal for pastries and mellow dishes.
INT-000600,Mytilene Estate • La Rioja,La Rioja,Mendoza,Arbequina,2023.930023965118,EVOO,golden-green,6.3262270711006865,3.5932773516756225,4.795449601115642,ripe tomato;oregano;dried fig,rounded;pleasant;light pepper,none,"two-phase, cold",filtered,0.33373338535245073,—,Classically soft Kolovi suitable for mild salads.
INT-000440,Argolic Breeze • Judean Hills,Judean Hills,Judean Hills,Arbosana,2024.065109098678,EVOO,golden-green,6.233455410099618,2.8,4.084494121807178,ripe apple;pear;chamomile,mild;buttery;light pepper,none,cold-extracted <27°C,filtered,0.38236804858884355,—,Classic Manaki with mild bitterness and delicate aromas; great for baking and white cheeses.
INT-000101,Nestos Riverbank • Languedoc,Languedoc,Provence,Arbequina,2024.0792235914282,EVOO,green,7.254357626855112,4.611694002016865,6.682376710029066,green tomato;rocket;peppercorn,firm;spicy;clean finish,none,"cold, inert gas",filtered,0.24782539996423936,—,Thracian blend with zesty tomato‑leaf and spicy finish.
INT-000478,Thassos Throumpa • South Australia,South Australia,Victoria,Picholine,2023.954828036059,EVOO,golden,4.943244934095661,2.8,3.469325625575479,ripe olive;dried almond;hay,mellow;sweet entry;light pepper,none,cold extraction,unfiltered,0.42564582387633393,—,Soft island profile with ripe notes; ideal for pastries and mellow dishes.
INT-000719,Saronic Shores • İzmir,İzmir,Balıkesir,Koroneiki,2024.029421403206,EVOO,golden-green,5.761151183261351,4.002758048756577,5.028620603726636,ripe apple;herbs;almond,smooth;gentle bitterness,none,cold extraction,filtered,0.3352918213638773,—,"Attica blend, approachable and smooth for everyday use."
INT-000584,Makri Heritage • Marrakech-Safi,Marrakech-Safi,Marrakech-Safi,Leccino,2023.9451028795543,EVOO,emerald green,8.138785783045146,4.386125153804907,7.373802311857372,tomato leaf;green pepper;fresh herbs,crisply bitter;vivid pepper,none,"cold extraction, decanter",unfiltered,0.27060630400325403,—,"Distinct Makri cultivar, tomato‑leaf aromas and vibrant pepper; superb for bruschetta."
INT-000738,Zakynthos Grove • Beira Interior,Beira Interior,Ribatejo,Barnea,2024.0216024385481,EVOO,green,6.7870746005768545,5.25379326909973,6.403216002283715,green banana;parsley;pepper leaf,fresh;medium body;clean heat,none,two-phase,unfiltered,0.3096128724225578,—,Lively island Koroneiki with green banana and clean peppery lift.
INT-000180,Cretan Ridge • Galilee,Galilee,Galilee,Picual,2023.9279290912282,EVOO,vibrant green,9.2,6.864303410526898,7.746895650321382,rocket;artichoke;green almond;oregano,robust;spicy;lingering pepper,none,"three-phase mill, nitrogen blanket",filtered,0.20989695224883048,NYIOOC 2024 Gold (fictional),Powerful Cretan profile with high fruitiness and pungency; stands up to roasted meats.
INT-000305,Mytilene Estate • Napa,Napa,Sonoma,Coratina,2024.0345626214314,EVOO,golden-green,5.806220093090537,3.5861839807021547,3.8149483305373777,ripe tomato;oregano;dried fig,rounded;pleasant;light pepper,none,"two-phase, cold",filtered,0.3985227852169269,—,Classically soft Kolovi suitable for mild salads.
INT-000430,Arcadian Orchard • Sfax,Sfax,Sousse,Taggiasca,2023.9973790738893,EVOO,golden,5.18976337400468,3.653917893749928,2.75,ripe pear;chamomile;almond,buttery;gentle bitterness,none,cold extraction,filtered,0.3825667350700393,—,Approachable blend suited for everyday cooking and baking.
INT-000508,Zakynthos Grove • Sonoma,Sonoma,Sacramento Valley,Arbequina,2024.0439084053755,EVOO,green,6.966774076709801,5.946766821595156,5.199859255194219,green banana;parsley;pepper leaf,fresh;medium body;clean heat,none,two-phase,unfiltered,0.3572745343583528,—,Lively island Koroneiki with green banana and clean peppery lift.
INT-000771,Makri Heritage • Trás-os-Montes,Trás-os-Montes,Alentejo,Barnea,2024.0607806852609,EVOO,emerald green,7.8734904749666645,5.636934603458325,7.487509751061582,tomato leaf;green pepper;fresh herbs,crisply bitter;vivid pepper,none,"cold extraction, decanter",unfiltered,0.2933574137484248,—,"Distinct Makri cultivar, tomato‑leaf aromas and vibrant pepper; superb for bruschetta."
INT-000150,Makri Heritage • Wairarapa,Wairarapa,Hawke's Bay,Chetoui,2024.0100074093577,EVOO,emerald green,8.687468278688455,5.196717960795339,6.839878239709382,tomato leaf;green pepper;fresh herbs,crisply bitter;vivid pepper,none,"cold extraction, decanter",unfiltered,0.2733814426164722,—,"Distinct Makri cultivar, tomato‑leaf aromas and vibrant pepper; superb for bruschetta."
INT-000125,Arcadian Orchard • Corsica,Corsica,Languedoc,Chemlali,2024.0606247469689,EVOO,golden,6.115559105889613,4.145827712893217,4.030069138636463,ripe pear;chamomile;almond,buttery;gentle bitterness,none,cold extraction,filtered,0.3654834365698752,—,Approachable blend suited for everyday cooking and baking.
INT-000635,Olympia Fields • Maule,Maule,O'Higgins,Arbequina,2024.0438297166459,EVOO,green-gold,6.91931686033069,5.002541969222842,6.068397209049067,fresh-cut grass;green almond;citrus zest,balanced;clean;medium pepper,none,three-phase,filtered,0.2896368402160298,—,Clean classic profile; versatile on legumes and grilled vegetables.
INT-000698,Cretan Ridge • Liguria,Liguria,Puglia,Picholine,2023.9923269889027,EVOO,vibrant green,9.0153453251125,6.509785264716066,8.25,rocket;artichoke;green almond;oregano,robust;spicy;lingering pepper,none,"three-phase mill, nitrogen blanket",filtered,0.20975308915302882,NYIOOC 2024 Gold (fictional),Powerful Cretan profile with high fruitiness and pungency; stands up to roasted meats.
INT-000186,Phthiotis Vale • New South Wales,New South Wales,South Australia,Coratina,2024.0534238916186,EVOO,golden,4.868643294776203,2.8,2.7664363288156393,ripe apple;dried herb;almond,soft;low bitterness;light heat,none,cold extraction,filtered,0.41156299031363086,—,"Gentle mainland blend with friendly, ripe flavor profile."
INT-000542,Kefalonian Bay • Tuscany,Tuscany,Umbria,Taggiasca,2023.966403422423,EVOO,golden-green,6.106048005882026,3.780683519450689,5.051788416597977,ripe apple;oregano;almond,round;mildly peppery,none,cold extraction,filtered,0.33213491462740014,—,Island blend leaning ripe and round; table‑friendly and forgiving.
INT-000051,Cretan Ridge • Tuscany,Tuscany,Liguria,Picual,2024.0274781666026,EVOO,vibrant green,8.866698860891022,6.49119987215877,7.828189115021142,rocket;artichoke;green almond;oregano,robust;spicy;lingering pepper,none,"three-phase mill, nitrogen blanket",filtered,0.22793644275170585,NYIOOC 2024 Gold (fictional),Powerful Cretan profile with high fruitiness and pungency; stands up to roasted meats.
INT-000488,Corfiot Lianolia • Wairarapa,Wairarapa,Hawke's Bay,Picual,2024.035984796796,EVOO,green-gold,6.64811131493307,3.9818941472391773,5.479677023762449,green walnut;wild fennel;apple skin,silky;fresh;medium pepper,none,cold-extracted,filtered,0.3387160961249031,—,Elegant Corfiot oil with herbal lift; shines on steamed vegetables and fish.
INT-000790,Phthiotis Vale • Castilla-La Mancha,Castilla-La Mancha,Extremadura,Barnea,2024.0442841477625,EVOO,golden,4.8,3.337939239510976,3.6341956055398437,ripe apple;dried herb;almond,soft;low bitterness;light heat,none,cold extraction,filtered,0.42040223798194326,—,"Gentle mainland blend with friendly, ripe flavor profile."
INT-000486,Peloponnesian Grove • Wairarapa,Wairarapa,Hawke's Bay,Leccino,2023.9665746126882,EVOO,deep green-gold,7.912494567340169,5.619306364902382,5.528206257092578,green apple;fresh-cut grass;tomato leaf;artichoke,balanced;slightly peppery;almond finish,none,cold-extracted <27°C,filtered,0.2666380364751474,—,Koroneiki from Messinia with bright green fruitiness and a peppery finish; ideal for salads and grilled fish.
INT-000322,Nestos Riverbank • Sfax,Sfax,Sousse,Chemlali,2023.9750133800505,EVOO,green,6.399328548657339,4.300630012793953,7.249686296213787,green tomato;rocket;peppercorn,firm;spicy;clean finish,none,"cold, inert gas",filtered,0.2605707755118651,—,Thracian blend with zesty tomato‑leaf and spicy finish.
INT-000354,Laconian Peaks • Sonoma,Sonoma,Napa,Koroneiki,2024.049505360278,EVOO,bright green,7.238937865400468,5.328714580650145,6.482662276780941,green banana;wild herbs;chicory,gentle bitterness;clean;long aftertaste,none,"two-phase mill, cold",unfiltered,0.32617156775555717,—,"Athinolia brings elegance and floral notes, softened by Koroneiki; versatile everyday oil."
INT-000740,Sitia Sunrise • Maule,Maule,O'Higgins,Frantoio,2023.9308134751957,EVOO,bright green,7.388407989172196,6.87755372377795,6.593646463855685,green tomato;artichoke;nettle,firm bitterness;spicy tail,none,"three-phase, inert gas",filtered,0.19060875217435344,—,High‑energy Sitia EVOO with classic Cretan grassiness; for soups and grilled octopus.
INT-000143,Thassos Throumpa • Colchagua,Colchagua,O'Higgins,Koroneiki,2024.0555395352465,EVOO,golden,5.448067770536611,3.128219472261898,3.0286358964770295,ripe olive;dried almond;hay,mellow;sweet entry;light pepper,none,cold extraction,unfiltered,0.4474803391300048,—,Soft island profile with ripe notes; ideal for pastries and mellow dishes.
INT-000371,Nestos Riverbank • Extremadura,Extremadura,Extremadura,Leccino,2024.0788593953741,EVOO,green,6.564435686355951,5.348979895389601,6.591975568548336,green tomato;rocket;peppercorn,firm;spicy;clean finish,none,"cold, inert gas",filtered,0.2726713595510741,—,Thracian blend with zesty tomato‑leaf and spicy finish.
INT-000142,Thassos Throumpa • Sfax,Sfax,Kairouan,Koroneiki,2023.9486772268308,EVOO,golden,5.251941862294083,3.0029247952404896,2.75,ripe olive;dried almond;hay,mellow;sweet entry;light pepper,none,cold extraction,unfiltered,0.44824499172893034,—,Soft island profile with ripe notes; ideal for pastries and mellow dishes.
INT-000400,Lesvos Hills • Kairouan,Kairouan,Sfax,Hojiblanca,2023.9437814815537,EVOO,golden,5.573844766837036,4.144986237417138,3.9715141496264676,ripe tomato;dried herbs;almond,soft;rounded;subtle heat,none,"two-phase, cold",filtered,0.4206652146368042,—,Gentle island blend with ripe fruit notes; friendly for desserts and light sautés.
INT-000264,Laconian Peaks • Kairouan,Kairouan,Kairouan,Koroneiki,2023.9451603515265,EVOO,bright green,6.68122179837053,4.964223896781624,5.52755813465429,green banana;wild herbs;chicory,gentle bitterness;clean;long aftertaste,none,"two-phase mill, cold",unfiltered,0.31472664302059167,—,"Athinolia brings elegance and floral notes, softened by Koroneiki; versatile everyday oil."
INT-000321,Zakynthos Grove • Tuscany,Tuscany,Puglia,Manzanilla,2024.0072703119322,EVOO,green,6.791358628613782,5.4197668695487815,5.72733431063255,green banana;parsley;pepper leaf,fresh;medium body;clean heat,none,two-phase,unfiltered,0.29261874645360647,—,Lively island Koroneiki with green banana and clean peppery lift.
20,Saronic Shores,Attica,Saronic Gulf,Manaki;Koroneiki,2024.0,EVOO,golden-green,6.0,4.0,5.0,ripe apple;herbs;almond,smooth;gentle bitterness,none,cold extraction,filtered,0.35,—,"Attica blend, approachable and smooth for everyday use."
INT-000173,Tsounati Mountain • Ribatejo,Ribatejo,Ribatejo,Taggiasca,2024.0364063772413,EVOO,deep green,7.76297547838799,6.148901971978321,8.25,wild greens;artichoke;oregano,bold bitterness;strong pepper,none,"cold extraction, two-phase",unfiltered,0.2661020724187455,—,Mountain Tsounati with intense pepper and wild herb character.
INT-000654,Saronic Shores • Balıkesir,Balıkesir,Balıkesir,Frantoio,2024.0612900169865,EVOO,golden-green,6.1112491171406695,3.8475041036411675,3.94176693843586,ripe apple;herbs;almond,smooth;gentle bitterness,none,cold extraction,filtered,0.3138025882304778,—,"Attica blend, approachable and smooth for everyday use."
INT-000313,Argolic Breeze • Mendoza,Mendoza,Mendoza,Taggiasca,2024.021472894144,EVOO,golden-green,6.184735347525882,3.040866028451714,3.805184199012412,ripe apple;pear;chamomile,mild;buttery;light pepper,none,cold-extracted <27°C,filtered,0.3579750063934151,—,Classic Manaki with mild bitterness and delicate aromas; great for baking and white cheeses.
INT-000391,Zakynthos Grove • Beira Interior,Beira Interior,Ribatejo,Koroneiki,2024.0463143539337,EVOO,green,7.304489446969973,4.870907489273389,5.49688113219795,green banana;parsley;pepper leaf,fresh;medium body;clean heat,none,two-phase,unfiltered,0.2890817289247935,—,Lively island Koroneiki with green banana and clean peppery lift.
INT-000746,Arcadian Orchard • Irbid,Irbid,Ajloun,Arbequina,2023.9808356783183,EVOO,golden,6.497911503862754,4.5011277673589865,3.8642986122342826,ripe pear;chamomile;almond,buttery;gentle bitterness,none,cold extraction,filtered,0.37969189410944565,—,Approachable blend suited for everyday cooking and baking.
13,Zakynthos Grove,Ionian Islands,Zakynthos,Koroneiki,2024.0,EVOO,green,7.0,5.0,6.0,green banana;parsley;pepper leaf,fresh;medium body;clean heat,none,two-phase,unfiltered,0.33,—,Lively island Koroneiki with green banana and clean peppery lift.
INT-000408,Makri Heritage • San Joaquin,San Joaquin,San Joaquin,Barnea,2024.0567558114008,EVOO,emerald green,8.008099609510738,5.17511332912878,6.799862884313854,tomato leaf;green pepper;fresh herbs,crisply bitter;vivid pepper,none,"cold extraction, decanter",unfiltered,0.2678222737654357,—,"Distinct Makri cultivar, tomato‑leaf aromas and vibrant pepper; superb for bruschetta."
INT-000409,Peloponnesian Grove • Sacramento Valley,Sacramento Valley,San Joaquin,Chemlali,2023.9902375952886,EVOO,deep green-gold,8.361020078899825,5.469378427940761,6.696677522342655,green apple;fresh-cut grass;tomato leaf;artichoke,balanced;slightly peppery;almond finish,none,cold-extracted <27°C,filtered,0.2404749162444784,—,Koroneiki from Messinia with bright green fruitiness and a peppery finish; ideal for salads and grilled fish.
INT-000306,Thassos Throumpa • Marrakech-Safi,Marrakech-Safi,Marrakech-Safi,Picholine,2024.073878325072,EVOO,golden,4.8,2.8,2.75,ripe olive;dried almond;hay,mellow;sweet entry;light pepper,none,cold extraction,unfiltered,0.4060711448669707,—,Soft island profile with ripe notes; ideal for pastries and mellow dishes.
INT-000355,Olympia Fields • New South Wales,New South Wales,New South Wales,Taggiasca,2024.0166821201803,EVOO,green-gold,7.403459652331263,5.346616000432625,5.659893221477358,fresh-cut grass;green almond;citrus zest,balanced;clean;medium pepper,none,three-phase,filtered,0.26856661550690575,—,Clean classic profile; versatile on legumes and grilled vegetables.
INT-000026,Nestos Riverbank • Fès-Meknès,Fès-Meknès,Taza,Coratina,2023.9633552841499,EVOO,green,6.849552922218819,5.118925288249722,6.66746021817885,green tomato;rocket;peppercorn,firm;spicy;clean finish,none,"cold, inert gas",filtered,0.2887994954292247,—,Thracian blend with zesty tomato‑leaf and spicy finish.
INT-000598,Makri Heritage • Valencia,Valencia,Andalusia,Taggiasca,2023.9713531395837,EVOO,emerald green,7.663901733280248,5.275718463678477,6.480549254855804,tomato leaf;green pepper;fresh herbs,crisply bitter;vivid pepper,none,"cold extraction, decanter",unfiltered,0.2797414567464392,—,"Distinct Makri cultivar, tomato‑leaf aromas and vibrant pepper; superb for bruschetta."
INT-000170,Phthiotis Vale • South Australia,South Australia,Victoria,Picholine,2023.9229458110349,EVOO,golden,5.070520271514771,3.0513328058269775,2.75,ripe apple;dried herb;almond,soft;low bitterness;light heat,none,cold extraction,filtered,0.40252645883477894,—,"Gentle mainland blend with friendly, ripe flavor profile."
INT-000039,Kefalonian Bay • Aydın,Aydın,İzmir,Arbequina,2024.025846497086,EVOO,golden-green,5.883303851836722,3.8914698757397184,4.9845291267891,ripe apple;oregano;almond,round;mildly peppery,none,cold extraction,filtered,0.38991768802539295,—,Island blend leaning ripe and round; table‑friendly and forgiving.
INT-000176,Lesvos Hills • Akkar,Akkar,Zgharta,Koroneiki,2024.0660345426354,EVOO,golden,5.313778214732355,3.9272273937476703,4.05685062177808,ripe tomato;dried herbs;almond,soft;rounded;subtle heat,none,"two-phase, cold",filtered,0.39674357360988505,—,Gentle island blend with ripe fruit notes; friendly for desserts and light sautés.
INT-000246,Thassos Throumpa • Balıkesir,Balıkesir,İzmir,Mission,2024.0038945406684,EVOO,golden,5.104909186444766,3.3166746958739717,3.4062803850556578,ripe olive;dried almond;hay,mellow;sweet entry;light pepper,none,cold extraction,unfiltered,0.4415727700271154,—,Soft island profile with ripe notes; ideal for pastries and mellow dishes.
INT-000299,Zakynthos Grove • Judean Hills,Judean Hills,Galilee,Picholine,2023.987918391423,EVOO,green,7.8495576889996475,4.182576503969036,6.307393020181926,green banana;parsley;pepper leaf,fresh;medium body;clean heat,none,two-phase,unfiltered,0.28706003061403607,—,Lively island Koroneiki with green banana and clean peppery lift.
INT-000669,Olympia Fields • Valencia,Valencia,Castilla-La Mancha,Manzanilla,2023.9765489392782,EVOO,green-gold,6.877384199325942,4.926198884215909,6.406754805971722,fresh-cut grass;green almond;citrus zest,balanced;clean;medium pepper,none,three-phase,filtered,0.2849318469505311,—,Clean classic profile; versatile on legumes and grilled vegetables.
INT-000417,Saronic Shores • Wairarapa,Wairarapa,Hawke's Bay,Barnea,2024.01220349093,EVOO,golden-green,4.8,3.3264237703390247,4.69749173538573,ripe apple;herbs;almond,smooth;gentle bitterness,none,cold extraction,filtered,0.35320686977314664,—,"Attica blend, approachable and smooth for everyday use."
INT-000549,Corfiot Lianolia • Balıkesir,Balıkesir,Balıkesir,Chemlali,2023.9872307544927,EVOO,green-gold,6.824988698827011,4.073305805672217,5.380467264314277,green walnut;wild fennel;apple skin,silky;fresh;medium pepper,none,cold-extracted,filtered,0.28356816812756275,—,Elegant Corfiot oil with herbal lift; shines on steamed vegetables and fish.
INT-000273,Lesvos Hills • South Australia,South Australia,New South Wales,Chemlali,2024.0384994090857,EVOO,golden,6.143277858253238,3.9849887674957354,3.3491378123970255,ripe tomato;dried herbs;almond,soft;rounded;subtle heat,none,"two-phase, cold",filtered,0.40834221601889015,—,Gentle island blend with ripe fruit notes; friendly for desserts and light sautés.
INT-000612,Messinian Classic • La Rioja,La Rioja,La Rioja,Picual,2024.0579950580357,EVOO,green-gold,6.946470760848518,5.9708012367902645,7.75084427173022,artichoke;arugula;green almond,assertive;peppery;structured,none,cold-extracted,filtered,0.24675961705296495,—,Quintessential Messinian Koroneiki; assertive but balanced; for red sauces and grills.
INT-000155,Phthiotis Vale • Colchagua,Colchagua,Colchagua,Frantoio,2024.0292641433155,EVOO,golden,5.3462078959033095,2.9696054884552963,2.75,ripe apple;dried herb;almond,soft;low bitterness;light heat,none,cold extraction,filtered,0.44063171345700036,—,"Gentle mainland blend with friendly, ripe flavor profile."
INT-000127,Cretan Ridge • Ribatejo,Ribatejo,Trás-os-Montes,Arbequina,2023.9597230729148,EVOO,vibrant green,8.585074712482164,7.017878365392371,7.224414178646974,rocket;artichoke;green almond;oregano,robust;spicy;lingering pepper,none,"three-phase mill, nitrogen blanket",filtered,0.1875,NYIOOC 2024 Gold (fictional),Powerful Cretan profile with high fruitiness and pungency; stands up to roasted meats.
INT-000450,Zakynthos Grove • O'Higgins,O'Higgins,O'Higgins,Cornicabra,2023.9901802723355,EVOO,green,6.852916633040032,4.9050910444318125,6.20382402976813,green banana;parsley;pepper leaf,fresh;medium body;clean heat,none,two-phase,unfiltered,0.3553753641690778,—,Lively island Koroneiki with green banana and clean peppery lift.
INT-000572,Olympia Fields • Kairouan,Kairouan,Kairouan,Coratina,2024.0047888984166,EVOO,green-gold,6.936082445599592,4.52692167139752,6.581124669621307,fresh-cut grass;green almond;citrus zest,balanced;clean;medium pepper,none,three-phase,filtered,0.28157112523434064,—,Clean classic profile; versatile on legumes and grilled vegetables.
INT-000342,Tsounati Mountain • Colchagua,Colchagua,O'Higgins,Arbequina,2024.0588278889475,EVOO,deep green,7.690385624453933,5.379460373619025,8.25,wild greens;artichoke;oregano,bold bitterness;strong pepper,none,"cold extraction, two-phase",unfiltered,0.28238437143270456,—,Mountain Tsounati with intense pepper and wild herb character.
INT-000431,Argolic Breeze • Victoria,Victoria,New South Wales,Coratina,2024.0343901982023,EVOO,golden-green,6.724187901924844,3.634326894897278,4.769409377342721,ripe apple;pear;chamomile,mild;buttery;light pepper,none,cold-extracted <27°C,filtered,0.3506863755228723,—,Classic Manaki with mild bitterness and delicate aromas; great for baking and white cheeses.
INT-000288,Cretan Ridge • O'Higgins,O'Higgins,O'Higgins,Chetoui,2023.8892459117665,EVOO,vibrant green,9.2,7.2,7.345403233314533,rocket;artichoke;green almond;oregano,robust;spicy;lingering pepper,none,"three-phase mill, nitrogen blanket",filtered,0.1900696993445583,NYIOOC 2024 Gold (fictional),Powerful Cretan profile with high fruitiness and pungency; stands up to roasted meats.
INT-000114,Tsounati Mountain • Beira Interior,Beira Interior,Trás-os-Montes,Cornicabra,2024.0564350772806,EVOO,deep green,8.366903012699161,6.860574237623695,7.875861632157907,wild greens;artichoke;oregano,bold bitterness;strong pepper,none,"cold extraction, two-phase",unfiltered,0.25455404620088,—,Mountain Tsounati with intense pepper and wild herb character.
INT-000500,Saronic Shores • Judean Hills,Judean Hills,Galilee,Picholine,2023.966932732165,EVOO,golden-green,5.904380966913002,3.6906281299751873,4.9093800429351155,ripe apple;herbs;almond,smooth;gentle bitterness,none,cold extraction,filtered,0.3339423115371415,—,"Attica blend, approachable and smooth for everyday use."
INT-000174,Corfiot Lianolia • Balıkesir,Balıkesir,İzmir,Hojiblanca,2024.0076762803208,EVOO,green-gold,6.338439715294682,3.2913948187177375,4.943016191579952,green walnut;wild fennel;apple skin,silky;fresh;medium pepper,none,cold-extracted,filtered,0.3463307380616843,—,Elegant Corfiot oil with herbal lift; shines on steamed vegetables and fish.
INT-000360,Chalkidiki Grove • Maule,Maule,Colchagua,Frantoio,2023.927063761021,EVOO,green,7.208766555818126,5.173189593031654,5.770336911118526,fresh grass;green apple;thyme,balanced;crisp;clean finish,none,"two-phase, cold",filtered,0.3748277117195364,—,Northern Greek blend with bright aromatics and tidy finish; great with greens pies.
INT-000483,Phthiotis Vale • Sicily,Sicily,Sicily,Picual,2024.0374576765528,EVOO,golden,5.143400043945325,2.8,2.75,ripe apple;dried herb;almond,soft;low bitterness;light heat,none,cold extraction,filtered,0.42859760820681087,—,"Gentle mainland blend with friendly, ripe flavor profile."
INT-000058,Arcadian Orchard • Sicily,Sicily,Sicily,Manzanilla,2023.9401099671186,EVOO,golden,5.33442658482242,3.7276731552745783,4.1553623623557,ripe pear;chamomile;almond,buttery;gentle bitterness,none,cold extraction,filtered,0.3809844477182686,—,Approachable blend suited for everyday cooking and baking.
INT-000553,Zakynthos Grove • O'Higgins,O'Higgins,Maule,Arbequina,2023.9262503451569,EVOO,green,5.97292115710208,5.029967740190781,5.65832735843172,green banana;parsley;pepper leaf,fresh;medium body;clean heat,none,two-phase,unfiltered,0.3575465082689771,—,Lively island Koroneiki with green banana and clean peppery lift.
INT-000223,Saronic Shores • Sicily,Sicily,Umbria,Barnea,2023.9393478261488,EVOO,golden-green,6.234877639677552,4.100153520838515,4.763639299616425,ripe apple;herbs;almond,smooth;gentle bitterness,none,cold extraction,filtered,0.31573032963009445,—,"Attica blend, approachable and smooth for everyday use."
INT-000281,Laconian Peaks • Taza,Taza,Fès-Meknès,Mission,2024.04442285021,EVOO,bright green,7.144124547475975,5.2992453559002906,6.094919845108355,green banana;wild herbs;chicory,gentle bitterness;clean;long aftertaste,none,"two-phase mill, cold",unfiltered,0.28915343132202065,—,"Athinolia brings elegance and floral notes, softened by Koroneiki; versatile everyday oil."
18,Mytilene Estate,North Aegean,Lesvos (PGI),Kolovi,2024.0,EVOO,golden-green,6.0,4.0,4.0,ripe tomato;oregano;dried fig,rounded;pleasant;light pepper,none,"two-phase, cold",filtered,0.4,—,Classically soft Kolovi suitable for mild salads.
INT-000128,Laconian Peaks • Victoria,Victoria,New South Wales,Taggiasca,2024.018745414419,EVOO,bright green,7.021044448176157,4.5708531008962865,6.463290180465626,green banana;wild herbs;chicory,gentle bitterness;clean;long aftertaste,none,"two-phase mill, cold",unfiltered,0.31882259416349956,—,"Athinolia brings elegance and floral notes, softened by Koroneiki; versatile everyday oil."
INT-000323,Saronic Shores • Catamarca,Catamarca,Catamarca,Leccino,2024.0144956691802,EVOO,golden-green,6.460586961212892,3.1995814215806258,6.180802883995526,ripe apple;herbs;almond,smooth;gentle bitterness,none,cold extraction,filtered,0.29352439937694863,—,"Attica blend, approachable and smooth for everyday use."
INT-000256,Chalkidiki Grove • Trás-os-Montes,Trás-os-Montes,Beira Interior,Frantoio,2024.0065254162794,EVOO,green,6.919056503064857,4.95865464958877,6.854198129404021,fresh grass;green apple;thyme,balanced;crisp;clean finish,none,"two-phase, cold",filtered,0.365493009548341,—,Northern Greek blend with bright aromatics and tidy finish; great with greens pies.
INT-000539,Olympia Fields • Mendoza,Mendoza,Catamarca,Frantoio,2023.9915758048355,EVOO,green-gold,7.1968325168155705,5.379009422221961,5.475825926087405,fresh-cut grass;green almond;citrus zest,balanced;clean;medium pepper,none,three-phase,filtered,0.2374314081075748,—,Clean classic profile; versatile on legumes and grilled vegetables.
INT-000471,Peloponnesian Grove • Napa,Napa,Sonoma,Picual,2024.0186098084207,EVOO,deep green-gold,7.534859428428931,6.119509842662398,6.383563941889618,green apple;fresh-cut grass;tomato leaf;artichoke,balanced;slightly peppery;almond finish,none,cold-extracted <27°C,filtered,0.27577176686890764,—,Koroneiki from Messinia with bright green fruitiness and a peppery finish; ideal for salads and grilled fish.
INT-000599,Corfiot Lianolia • Andalusia,Andalusia,Andalusia,Chetoui,2023.957002682571,EVOO,green-gold,7.317961757206635,4.4920998490664905,5.097151660950058,green walnut;wild fennel;apple skin,silky;fresh;medium pepper,none,cold-extracted,filtered,0.3140933005367508,—,Elegant Corfiot oil with herbal lift; shines on steamed vegetables and fish.
INT-000469,Chalkidiki Grove • Fès-Meknès,Fès-Meknès,Marrakech-Safi,Chetoui,2023.997059211514,EVOO,green,6.5911588807546435,5.18081152184605,5.368102058360224,fresh grass;green apple;thyme,balanced;crisp;clean finish,none,"two-phase, cold",filtered,0.3648196955559685,—,Northern Greek blend with bright aromatics and tidy finish; great with greens pies.
INT-000769,Peloponnesian Grove • Marrakech-Safi,Marrakech-Safi,Fès-Meknès,Frantoio,2024.0363479297023,EVOO,deep green-gold,8.134543894089752,5.80198068731582,7.2661134560974965,green apple;fresh-cut grass;tomato leaf;artichoke,balanced;slightly peppery;almond finish,none,cold-extracted <27°C,filtered,0.2718637048855,—,Koroneiki from Messinia with bright green fruitiness and a peppery finish; ideal for salads and grilled fish.
INT-000191,Corfiot Lianolia • Wairarapa,Wairarapa,Hawke's Bay,Manzanilla,2023.9500133544839,EVOO,green-gold,7.592679060306898,4.032521831893305,4.782488820447009,green walnut;wild fennel;apple skin,silky;fresh;medium pepper,none,cold-extracted,filtered,0.3260514089193868,—,Elegant Corfiot oil with herbal lift; shines on steamed vegetables and fish.
INT-000116,Sitia Sunrise • Irbid,Irbid,Ajloun,Hojiblanca,2023.9880178205156,EVOO,bright green,7.866862175651483,6.243911003912582,7.243177343278315,green tomato;artichoke;nettle,firm bitterness;spicy tail,none,"three-phase, inert gas",filtered,0.250238132456782,—,High‑energy Sitia EVOO with classic Cretan grassiness; for soups and grilled octopus.
INT-000517,Mytilene Estate • Sacramento Valley,Sacramento Valley,San Joaquin,Chetoui,2023.9263647569715,EVOO,golden-green,5.936560561196766,3.0322899989358767,3.930838343875899,ripe tomato;oregano;dried fig,rounded;pleasant;light pepper,none,"two-phase, cold",filtered,0.4011127435061086,—,Classically soft Kolovi suitable for mild salads.
INT-000710,Nestos Riverbank • Victoria,Victoria,South Australia,Taggiasca,2024.0977843626192,EVOO,green,6.781234362130886,4.855949017380586,7.2965025686155,green tomato;rocket;peppercorn,firm;spicy;clean finish,none,"cold, inert gas",filtered,0.2455200022119618,—,Thracian blend with zesty tomato‑leaf and spicy finish.
INT-000536,Nestos Riverbank • Colchagua,Colchagua,Maule,Coratina,2024.0255280101048,EVOO,green,7.2743623770269075,5.1128409761999,6.816665179896476,green tomato;rocket;peppercorn,firm;spicy;clean finish,none,"cold, inert gas",filtered,0.24234060216259745,—,Thracian blend with zesty tomato‑leaf and spicy finish.
INT-000095,Messinian Classic • Maule,Maule,O'Higgins,Picholine,2023.949333155724,EVOO,green-gold,6.988504921123941,6.313339237074123,7.473206728905872,artichoke;arugula;green almond,assertive;peppery;structured,none,cold-extracted,filtered,0.26429083358563055,—,Quintessential Messinian Koroneiki; assertive but balanced; for red sauces and grills.
INT-000181,Phthiotis Vale • Hawke's Bay,Hawke's Bay,Wairarapa,Hojiblanca,2024.108336296287,EVOO,golden,5.29827248405207,2.9393070830180723,3.0636725290549713,ripe apple;dried herb;almond,soft;low bitterness;light heat,none,cold extraction,filtered,0.403721501271923,—,"Gentle mainland blend with friendly, ripe flavor profile."
INT-000302,Makri Heritage • Balıkesir,Balıkesir,Balıkesir,Arbosana,2023.9368481698878,EVOO,emerald green,7.312874182012054,5.043019776557089,7.070368951590353,tomato leaf;green pepper;fresh herbs,crisply bitter;vivid pepper,none,"cold extraction, decanter",unfiltered,0.3100935875470694,—,"Distinct Makri cultivar, tomato‑leaf aromas and vibrant pepper; superb for bruschetta."
INT-000617,Zakynthos Grove • Ajloun,Ajloun,Ajloun,Mission,2024.0116778293182,EVOO,green,7.1235686437715735,5.714294166922199,5.474203401739236,green banana;parsley;pepper leaf,fresh;medium body;clean heat,none,two-phase,unfiltered,0.327650005939475,—,Lively island Koroneiki with green banana and clean peppery lift.
INT-000582,Nestos Riverbank • Sacramento Valley,Sacramento Valley,Sonoma,Taggiasca,2023.9696890260147,EVOO,green,6.76067498618267,4.890967461256465,6.625187732199711,green tomato;rocket;peppercorn,firm;spicy;clean finish,none,"cold, inert gas",filtered,0.24301514169501426,—,Thracian blend with zesty tomato‑leaf and spicy finish.
INT-000591,Kefalonian Bay • Umbria,Umbria,Liguria,Cornicabra,2023.9569938375869,EVOO,golden-green,5.723172212485901,3.3161275143281426,4.595890569926283,ripe apple;oregano;almond,round;mildly peppery,none,cold extraction,filtered,0.35272854984853313,—,Island blend leaning ripe and round; table‑friendly and forgiving.
INT-000732,Chalkidiki Grove • Balıkesir,Balıkesir,İzmir,Picholine,2023.9725657809151,EVOO,green,7.3414687573486965,5.65632456213402,6.2068988270032515,fresh grass;green apple;thyme,balanced;crisp;clean finish,none,"two-phase, cold",filtered,0.40786353538368936,—,Northern Greek blend with bright aromatics and tidy finish; great with greens pies.
INT-000559,Olympia Fields • Napa,Napa,Napa,Koroneiki,2024.0112648128684,EVOO,green-gold,7.4673823217456965,4.721106032629442,4.92948484178032,fresh-cut grass;green almond;citrus zest,balanced;clean;medium pepper,none,three-phase,filtered,0.2763447805363942,—,Clean classic profile; versatile on legumes and grilled vegetables.
INT-000709,Thassos Throumpa • Ajloun,Ajloun,Ajloun,Hojiblanca,2023.9307015713184,EVOO,golden,5.1554600776838315,3.7784788888647323,3.155879773455502,ripe olive;dried almond;hay,mellow;sweet entry;light pepper,none,cold extraction,unfiltered,0.4625,—,Soft island profile with ripe notes; ideal for pastries and mellow dishes.
INT-000543,Makri Heritage • Colchagua,Colchagua,O'Higgins,Taggiasca,2023.960651447129,EVOO,emerald green,8.016010567498197,4.75136294555361,5.426828574609573,tomato leaf;green pepper;fresh herbs,crisply bitter;vivid pepper,none,"cold extraction, decanter",unfiltered,0.23537217209050001,—,"Distinct Makri cultivar, tomato‑leaf aromas and vibrant pepper; superb for bruschetta."
6,Lesvos Hills,North Aegean,Lesvos (PGI),Kolovi;Adramitiani,2024.0,EVOO,golden,6.0,4.0,4.0,ripe tomato;dried herbs;almond,soft;rounded;subtle heat,none,"two-phase, cold",filtered,0.4,—,Gentle island blend with ripe fruit notes; friendly for desserts and light sautés.
INT-000786,Saronic Shores • Corsica,Corsica,Languedoc,Picual,2023.962372174912,EVOO,golden-green,6.30135263509141,4.356146395127184,4.902708624842657,ripe apple;herbs;almond,smooth;gentle bitterness,none,cold extraction,filtered,0.36842548931018,—,"Attica blend, approachable and smooth for everyday use."
INT-000046,Argolic Breeze • Marrakech-Safi,Marrakech-Safi,Fès-Meknès,Barnea,2023.9502522007333,EVOO,golden-green,5.917584479964694,3.019036763903111,4.327138745897275,ripe apple;pear;chamomile,mild;buttery;light pepper,none,cold-extracted <27°C,filtered,0.37641630033735085,—,Classic Manaki with mild bitterness and delicate aromas; great for baking and white cheeses.
INT-000726,Nestos Riverbank • Umbria,Umbria,Sicily,Koroneiki,2023.9594565364307,EVOO,green,6.898882341087234,4.721831881178262,6.854849053356695,green tomato;rocket;peppercorn,firm;spicy;clean finish,none,"cold, inert gas",filtered,0.24380852182781015,—,Thracian blend with zesty tomato‑leaf and spicy finish.
INT-000158,Nestos Riverbank • Taza,Taza,Marrakech-Safi,Arbequina,2023.9840533705628,EVOO,green,7.166577108615594,5.646091812765225,7.436202286773215,green tomato;rocket;peppercorn,firm;spicy;clean finish,none,"cold, inert gas",filtered,0.31003669693878916,—,Thracian blend with zesty tomato‑leaf and spicy finish.
INT-000606,Saronic Shores • Alentejo,Alentejo,Alentejo,Barnea,2023.9777295010913,EVOO,golden-green,6.016360571093529,4.0541842890356845,5.618627623405045,ripe apple;herbs;almond,smooth;gentle bitterness,none,cold extraction,filtered,0.3496228045851389,—,"Attica blend, approachable and smooth for everyday use."
INT-000172,Laconian Peaks • Maule,Maule,O'Higgins,Leccino,2023.9571155384567,EVOO,bright green,7.276596517456877,5.166494806780428,5.5358147171671925,green banana;wild herbs;chicory,gentle bitterness;clean;long aftertaste,none,"two-phase mill, cold",unfiltered,0.26572987244880425,—,"Athinolia brings elegance and floral notes, softened by Koroneiki; versatile everyday oil."
17,Phthiotis Vale,Central Greece,Phthiotis,Amfissis;Koroneiki,2024.0,EVOO,golden,5.0,3.0,3.0,ripe apple;dried herb;almond,soft;low bitterness;light heat,none,cold extraction,filtered,0.42,—,"Gentle mainland blend with friendly, ripe flavor profile."
INT-000512,Laconian Peaks • Provence,Provence,Corsica,Arbosana,2024.0371414759213,EVOO,bright green,6.586780715312349,4.854190380707288,4.9048190213682785,green banana;wild herbs;chicory,gentle bitterness;clean;long aftertaste,none,"two-phase mill, cold",unfiltered,0.3016069301237525,—,"Athinolia brings elegance and floral notes, softened by Koroneiki; versatile everyday oil."
INT-000049,Messinian Classic • San Joaquin,San Joaquin,Napa,Picual,2024.066383883425,EVOO,green-gold,6.904795005587128,6.451686238383388,6.51362035217161,artichoke;arugula;green almond,assertive;peppery;structured,none,cold-extracted,filtered,0.24193510313522587,—,Quintessential Messinian Koroneiki; assertive but balanced; for red sauces and grills.
INT-000775,Tsounati Mountain • Sonoma,Sonoma,Sonoma,Manzanilla,2023.9213150580817,EVOO,deep green,8.179760557211095,5.855413972757832,7.055902137752984,wild greens;artichoke;oregano,bold bitterness;strong pepper,none,"cold extraction, two-phase",unfiltered,0.253956966748928,—,Mountain Tsounati with intense pepper and wild herb character.
INT-000758,Thassos Throumpa • Akkar,Akkar,Akkar,Coratina,2023.9739931204617,EVOO,golden,4.820541025856497,2.8,3.99056429211623,ripe olive;dried almond;hay,mellow;sweet entry;light pepper,none,cold extraction,unfiltered,0.4534988380896283,—,Soft island profile with ripe notes; ideal for pastries and mellow dishes.
INT-000481,Nestos Riverbank • Trás-os-Montes,Trás-os-Montes,Trás-os-Montes,Hojiblanca,2023.9842072862975,EVOO,green,7.425070856217756,5.273763651696322,6.3629571872828565,green tomato;rocket;peppercorn,firm;spicy;clean finish,none,"cold, inert gas",filtered,0.26294360719727916,—,Thracian blend with zesty tomato‑leaf and spicy finish.
INT-000284,Arcadian Orchard • Fès-Meknès,Fès-Meknès,Marrakech-Safi,Chetoui,2023.94726014154,EVOO,golden,5.650155538377943,4.074822326633188,4.576641552061764,ripe pear;chamomile;almond,buttery;gentle bitterness,none,cold extraction,filtered,0.3976878519641576,—,Approachable blend suited for everyday cooking and baking.
INT-000537,Thassos Throumpa • Liguria,Liguria,Liguria,Arbequina,2023.9829389439028,EVOO,golden,4.8,3.4436657730654545,3.926751227750752,ripe olive;dried almond;hay,mellow;sweet entry;light pepper,none,cold extraction,unfiltered,0.4625,—,Soft island profile with ripe notes; ideal for pastries and mellow dishes.
INT-000226,Mytilene Estate • La Rioja,La Rioja,La Rioja,Leccino,2023.9490362699007,EVOO,golden-green,5.274716832734697,3.662057658742515,4.14929157713954,ripe tomato;oregano;dried fig,rounded;pleasant;light pepper,none,"two-phase, cold",filtered,0.3990327502150417,—,Classically soft Kolovi suitable for mild salads.
INT-000027,Argolic Breeze • Irbid,Irbid,Irbid,Koroneiki,2023.9557568660887,EVOO,golden-green,5.945866619301845,3.4989531728074437,3.985382824203308,ripe apple;pear;chamomile,mild;buttery;light pepper,none,cold-extracted <27°C,filtered,0.38406117899590986,—,Classic Manaki with mild bitterness and delicate aromas; great for baking and white cheeses.
INT-000631,Argolic Breeze • Zgharta,Zgharta,Akkar,Arbequina,2023.9430444097566,EVOO,golden-green,6.440929634242925,3.068980119172392,4.499492077477379,ripe apple;pear;chamomile,mild;buttery;light pepper,none,cold-extracted <27°C,filtered,0.34387327271628443,—,Classic Manaki with mild bitterness and delicate aromas; great for baking and white cheeses.
INT-000438,Sitia Sunrise • Provence,Provence,Corsica,Frantoio,2023.936431642873,EVOO,bright green,7.872371484083907,5.564360766445751,7.358773990607346,green tomato;artichoke;nettle,firm bitterness;spicy tail,none,"three-phase, inert gas",filtered,0.1875,—,High‑energy Sitia EVOO with classic Cretan grassiness; for soups and grilled octopus.
INT-000365,Phthiotis Vale • Napa,Napa,Napa,Chemlali,2023.999942789078,EVOO,golden,4.8,2.8807241520517053,2.75,ripe apple;dried herb;almond,soft;low bitterness;light heat,none,cold extraction,filtered,0.44294853219192026,—,"Gentle mainland blend with friendly, ripe flavor profile."
INT-000230,Lesvos Hills • Ajloun,Ajloun,Irbid,Coratina,2023.940415312614,EVOO,golden,6.480016734786305,3.6739841567300946,3.6730940533531817,ripe tomato;dried herbs;almond,soft;rounded;subtle heat,none,"two-phase, cold",filtered,0.40104265526733157,—,Gentle island blend with ripe fruit notes; friendly for desserts and light sautés.
INT-000038,Olympia Fields • New South Wales,New South Wales,Victoria,Manzanilla,2024.0528603299695,EVOO,green-gold,6.39042170370331,5.132706867918891,5.738705962493747,fresh-cut grass;green almond;citrus zest,balanced;clean;medium pepper,none,three-phase,filtered,0.2685915445643354,—,Clean classic profile; versatile on legumes and grilled vegetables.
INT-000780,Thassos Throumpa • La Rioja,La Rioja,La Rioja,Arbosana,2023.9679720215877,EVOO,golden,4.8,2.8,3.468486792837835,ripe olive;dried almond;hay,mellow;sweet entry;light pepper,none,cold extraction,unfiltered,0.4295951406975578,—,Soft island profile with ripe notes; ideal for pastries and mellow dishes.
INT-000375,Thassos Throumpa • Irbid,Irbid,Irbid,Chemlali,2024.0061870859397,EVOO,golden,5.122083318433627,2.8,2.9449134908057095,ripe olive;dried almond;hay,mellow;sweet entry;light pepper,none,cold extraction,unfiltered,0.4625,—,Soft island profile with ripe notes; ideal for pastries and mellow dishes.
INT-000470,Kefalonian Bay • Languedoc,Languedoc,Languedoc,Mission,2024.093848694566,EVOO,golden-green,5.831402211390607,4.061457716371755,4.996820153974714,ripe apple;oregano;almond,round;mildly peppery,none,cold extraction,filtered,0.36569886921750694,—,Island blend leaning ripe and round; table‑friendly and forgiving.
INT-000772,Peloponnesian Grove • Victoria,Victoria,Victoria,Taggiasca,2023.9188118582208,EVOO,deep green-gold,7.83942277646396,6.058681144665535,6.9821211617012455,green apple;fresh-cut grass;tomato leaf;artichoke,balanced;slightly peppery;almond finish,none,cold-extracted <27°C,filtered,0.23179095780369463,—,Koroneiki from Messinia with bright green fruitiness and a peppery finish; ideal for salads and grilled fish.
INT-000683,Makri Heritage • Zgharta,Zgharta,Koura,Picholine,2024.0037444823097,EVOO,emerald green,8.457916906429094,4.535187457731026,7.264891055122736,tomato leaf;green pepper;fresh herbs,crisply bitter;vivid pepper,none,"cold extraction, decanter",unfiltered,0.26203287687988674,—,"Distinct Makri cultivar, tomato‑leaf aromas and vibrant pepper; superb for bruschetta."
INT-000695,Cretan Ridge • Victoria,Victoria,South Australia,Chetoui,2024.0344398409316,EVOO,vibrant green,8.736270777159781,6.515311640172556,8.18120071153428,rocket;artichoke;green almond;oregano,robust;spicy;lingering pepper,none,"three-phase mill, nitrogen blanket",filtered,0.230259155397408,NYIOOC 2024 Gold (fictional),Powerful Cretan profile with high fruitiness and pungency; stands up to roasted meats.
INT-000195,Kefalonian Bay • Languedoc,Languedoc,Provence,Manzanilla,2023.9907592834195,EVOO,golden-green,6.0948468049473306,4.705988200724349,5.222679674380361,ripe apple;oregano;almond,round;mildly peppery,none,cold extraction,filtered,0.3532598073883705,—,Island blend leaning ripe and round; table‑friendly and forgiving.
INT-000685,Sitia Sunrise • Galilee,Galilee,Judean Hills,Arbequina,2024.1327714578679,EVOO,bright green,8.731712772945492,6.1520177373586575,6.780245216290334,green tomato;artichoke;nettle,firm bitterness;spicy tail,none,"three-phase, inert gas",filtered,0.19058165601506558,—,High‑energy Sitia EVOO with classic Cretan grassiness; for soups and grilled octopus.
INT-000694,Messinian Classic • San Joaquin,San Joaquin,San Joaquin,Arbosana,2024.0090610101245,EVOO,green-gold,6.548982334087891,5.974822914824532,7.677454705869694,artichoke;arugula;green almond,assertive;peppery;structured,none,cold-extracted,filtered,0.2711569507121204,—,Quintessential Messinian Koroneiki; assertive but balanced; for red sauces and grills.
INT-000504,Olympia Fields • Languedoc,Languedoc,Languedoc,Frantoio,2023.9548193007538,EVOO,green-gold,7.322857091008738,5.528748666150536,5.674732096523639,fresh-cut grass;green almond;citrus zest,balanced;clean;medium pepper,none,three-phase,filtered,0.2967477728295375,—,Clean classic profile; versatile on legumes and grilled vegetables.
INT-000774,Phthiotis Vale • Ribatejo,Ribatejo,Ribatejo,Barnea,2023.989959902932,EVOO,golden,4.8,2.8,3.4076239074887975,ripe apple;dried herb;almond,soft;low bitterness;light heat,none,cold extraction,filtered,0.40384219558724427,—,"Gentle mainland blend with friendly, ripe flavor profile."
INT-000670,Sitia Sunrise • San Joaquin,San Joaquin,Sonoma,Picholine,2023.9861145233315,EVOO,bright green,7.790819539146723,6.004891748005169,7.468536914464154,green tomato;artichoke;nettle,firm bitterness;spicy tail,none,"three-phase, inert gas",filtered,0.1875,—,High‑energy Sitia EVOO with classic Cretan grassiness; for soups and grilled octopus.
INT-000773,Makri Heritage • Sfax,Sfax,Kairouan,Picholine,2023.967948158437,EVOO,emerald green,8.30581562357882,5.270798562393965,7.0492518233927655,tomato leaf;green pepper;fresh herbs,crisply bitter;vivid pepper,none,"cold extraction, decanter",unfiltered,0.27519432850178055,—,"Distinct Makri cultivar, tomato‑leaf aromas and vibrant pepper; superb for bruschetta."
INT-000163,Sitia Sunrise • Ajloun,Ajloun,Irbid,Picual,2024.058086255051,EVOO,bright green,7.989594361248036,5.778950927626546,6.487270161868892,green tomato;artichoke;nettle,firm bitterness;spicy tail,none,"three-phase, inert gas",filtered,0.20077730606570382,—,High‑energy Sitia EVOO with classic Cretan grassiness; for soups and grilled octopus.
INT-000752,Corfiot Lianolia • Aydın,Aydın,Balıkesir,Barnea,2024.0009734330893,EVOO,green-gold,6.528741184244466,4.652704683488485,4.565262776521044,green walnut;wild fennel;apple skin,silky;fresh;medium pepper,none,cold-extracted,filtered,0.3363234268125328,—,Elegant Corfiot oil with herbal lift; shines on steamed vegetables and fish.
INT-000153,Phthiotis Vale • La Rioja,La Rioja,Catamarca,Taggiasca,2023.9653525561152,EVOO,golden,5.36371013541979,3.3631933790690898,3.2395497254003662,ripe apple;dried herb;almond,soft;low bitterness;light heat,none,cold extraction,filtered,0.40033653258416646,—,"Gentle mainland blend with friendly, ripe flavor profile."
INT-000558,Laconian Peaks • Napa,Napa,Sonoma,Cornicabra,2023.979313164322,EVOO,bright green,7.023542561999462,4.401783810284661,6.019353822892612,green banana;wild herbs;chicory,gentle bitterness;clean;long aftertaste,none,"two-phase mill, cold",unfiltered,0.31976418145778324,—,"Athinolia brings elegance and floral notes, softened by Koroneiki; versatile everyday oil."
INT-000573,Chalkidiki Grove • Corsica,Corsica,Provence,Coratina,2023.9964365672993,EVOO,green,6.4613451972065725,4.992704279038819,5.902716366466291,fresh grass;green apple;thyme,balanced;crisp;clean finish,none,"two-phase, cold",filtered,0.37061750698952467,—,Northern Greek blend with bright aromatics and tidy finish; great with greens pies.
INT-000676,Zakynthos Grove • Sicily,Sicily,Sicily,Barnea,2024.0346354873182,EVOO,green,7.030877758579216,5.326804781316242,6.31560541716998,green banana;parsley;pepper leaf,fresh;medium body;clean heat,none,two-phase,unfiltered,0.29437135691461636,—,Lively island Koroneiki with green banana and clean peppery lift.
INT-000112,Mytilene Estate • Maule,Maule,Colchagua,Arbosana,2023.949868478143,EVOO,golden-green,6.199032328882577,4.53422962923849,4.251311154301957,ripe tomato;oregano;dried fig,rounded;pleasant;light pepper,none,"two-phase, cold",filtered,0.4106506160482826,—,Classically soft Kolovi suitable for mild salads.
INT-000227,Thassos Throumpa • Hawke's Bay,Hawke's Bay,Hawke's Bay,Coratina,2024.016555528141,EVOO,golden,5.809729994143769,3.5445716577641697,2.75,ripe olive;dried almond;hay,mellow;sweet entry;light pepper,none,cold extraction,unfiltered,0.41514583516557724,—,Soft island profile with ripe notes; ideal for pastries and mellow dishes.
INT-000793,Makri Heritage • O'Higgins,O'Higgins,Colchagua,Mission,2023.9633071939936,EVOO,emerald green,8.386266586561064,4.658910759954798,6.509338875536967,tomato leaf;green pepper;fresh herbs,crisply bitter;vivid pepper,none,"cold extraction, decanter",unfiltered,0.27656176216923894,—,"Distinct Makri cultivar, tomato‑leaf aromas and vibrant pepper; superb for bruschetta."
INT-000104,Thassos Throumpa • Languedoc,Languedoc,Provence,Frantoio,2023.983150162999,EVOO,golden,4.83049674881299,3.192454324958107,3.383254033799688,ripe olive;dried almond;hay,mellow;sweet entry;light pepper,none,cold extraction,unfiltered,0.4149892584533039,—,Soft island profile with ripe notes; ideal for pastries and mellow dishes.
INT-000422,Argolic Breeze • Puglia,Puglia,Puglia,Manzanilla,2024.0197997734897,EVOO,golden-green,6.207818645249871,3.079293916795463,4.388975176238656,ripe apple;pear;chamomile,mild;buttery;light pepper,none,cold-extracted <27°C,filtered,0.34905530828130094,—,Classic Manaki with mild bitterness and delicate aromas; great for baking and white cheeses.
INT-000420,Tsounati Mountain • Ribatejo,Ribatejo,Alentejo,Coratina,2024.042970937764,EVOO,deep green,8.053078271000691,6.327897438119434,7.902893564260798,wild greens;artichoke;oregano,bold bitterness;strong pepper,none,"cold extraction, two-phase",unfiltered,0.2911105244521608,—,Mountain Tsounati with intense pepper and wild herb character.
INT-000120,Sitia Sunrise • Catamarca,Catamarca,La Rioja,Coratina,2024.032392090679,EVOO,bright green,8.101373262359058,6.139266953778575,6.504968152234494,green tomato;artichoke;nettle,firm bitterness;spicy tail,none,"three-phase, inert gas",filtered,0.20239150669202105,—,High‑energy Sitia EVOO with classic Cretan grassiness; for soups and grilled octopus.
INT-000054,Corfiot Lianolia • Napa,Napa,Napa,Chetoui,2023.9349619344532,EVOO,green-gold,7.7641385801154055,3.71388671677765,4.9760717303013955,green walnut;wild fennel;apple skin,silky;fresh;medium pepper,none,cold-extracted,filtered,0.3062244310422799,—,Elegant Corfiot oil with herbal lift; shines on steamed vegetables and fish.
INT-000152,Thassos Throumpa • Ribatejo,Ribatejo,Trás-os-Montes,Frantoio,2023.9771564878677,EVOO,golden,4.837248663239121,2.8501194953043,2.75,ripe olive;dried almond;hay,mellow;sweet entry;light pepper,none,cold extraction,unfiltered,0.4625,—,Soft island profile with ripe notes; ideal for pastries and mellow dishes.
INT-000404,Olympia Fields • Mendoza,Mendoza,La Rioja,Picual,2024.1026946235102,EVOO,green-gold,7.2604589272905855,4.538699543341124,6.60207260402693,fresh-cut grass;green almond;citrus zest,balanced;clean;medium pepper,none,three-phase,filtered,0.3067516701127889,—,Clean classic profile; versatile on legumes and grilled vegetables.
INT-000754,Zakynthos Grove • O'Higgins,O'Higgins,Maule,Leccino,2024.049062771893,EVOO,green,6.926262435933581,5.616172350623026,5.236486375152487,green banana;parsley;pepper leaf,fresh;medium body;clean heat,none,two-phase,unfiltered,0.3336385158196207,—,Lively island Koroneiki with green banana and clean peppery lift.
INT-000208,Cretan Ridge • Galilee,Galilee,Judean Hills,Barnea,2023.961379694247,EVOO,vibrant green,9.2,6.5472827900990795,8.052913780193574,rocket;artichoke;green almond;oregano,robust;spicy;lingering pepper,none,"three-phase mill, nitrogen blanket",filtered,0.24912280683482996,NYIOOC 2024 Gold (fictional),Powerful Cretan profile with high fruitiness and pungency; stands up to roasted meats.
INT-000678,Tsounati Mountain • Sousse,Sousse,Kairouan,Koroneiki,2024.0279497780775,EVOO,deep green,7.751088902480283,6.029970376881089,7.611032971796206,wild greens;artichoke;oregano,bold bitterness;strong pepper,none,"cold extraction, two-phase",unfiltered,0.26089239012014903,—,Mountain Tsounati with intense pepper and wild herb character.
INT-000619,Makri Heritage • Kairouan,Kairouan,Kairouan,Picual,2024.0084479850725,EVOO,emerald green,8.146547287768398,5.3246356015833305,7.022366638416175,tomato leaf;green pepper;fresh herbs,crisply bitter;vivid pepper,none,"cold extraction, decanter",unfiltered,0.23720878083191346,—,"Distinct Makri cultivar, tomato‑leaf aromas and vibrant pepper; superb for bruschetta."
9,Thassos Throumpa,North Aegean,Thassos,Throumpa Thassou;Kolovi,2024.0,EVOO,golden,5.0,3.0,3.0,ripe olive;dried almond;hay,mellow;sweet entry;light pepper,none,cold extraction,unfiltered,0.45,—,Soft island profile with ripe notes; ideal for pastries and mellow dishes.
INT-000652,Mytilene Estate • Catamarca,Catamarca,Mendoza,Manzanilla,2024.0230913123378,EVOO,golden-green,5.92064950033075,3.885100634156481,4.703080849915592,ripe tomato;oregano;dried fig,rounded;pleasant;light pepper,none,"two-phase, cold",filtered,0.38878667463655414,—,Classically soft Kolovi suitable for mild salads.
INT-000037,Arcadian Orchard • Mendoza,Mendoza,Mendoza,Arbosana,2024.0500616831,EVOO,golden,5.995293104881886,5.3162315604304275,3.904680084505731,ripe pear;chamomile;almond,buttery;gentle bitterness,none,cold extraction,filtered,0.40340648558994974,—,Approachable blend suited for everyday cooking and baking.
INT-000453,Cretan Ridge • Wairarapa,Wairarapa,Hawke's Bay,Cornicabra,2024.004891340328,EVOO,vibrant green,9.2,7.2,8.25,rocket;artichoke;green almond;oregano,robust;spicy;lingering pepper,none,"three-phase mill, nitrogen blanket",filtered,0.23888620392886414,NYIOOC 2024 Gold (fictional),Powerful Cretan profile with high fruitiness and pungency; stands up to roasted meats.
INT-000254,Kefalonian Bay • Ajloun,Ajloun,Ajloun,Barnea,2024.014587275894,EVOO,golden-green,6.0017817669494224,4.750603179781336,4.114645795740688,ripe apple;oregano;almond,round;mildly peppery,none,cold extraction,filtered,0.38572190828508185,—,Island blend leaning ripe and round; table‑friendly and forgiving.
INT-000304,Sitia Sunrise • Provence,Provence,Provence,Coratina,2023.9692607758464,EVOO,bright green,7.900637099189544,6.074719055348091,7.146226649970619,green tomato;artichoke;nettle,firm bitterness;spicy tail,none,"three-phase, inert gas",filtered,0.1875,—,High‑energy Sitia EVOO with classic Cretan grassiness; for soups and grilled octopus.
INT-000607,Chalkidiki Grove • Sicily,Sicily,Umbria,Taggiasca,2024.0573349650497,EVOO,green,7.070702423215626,5.540166130452125,5.686001427762255,fresh grass;green apple;thyme,balanced;crisp;clean finish,none,"two-phase, cold",filtered,0.35244970037190004,—,Northern Greek blend with bright aromatics and tidy finish; great with greens pies.
INT-000580,Saronic Shores • Castilla-La Mancha,Castilla-La Mancha,Valencia,Chemlali,2023.9271125659122,EVOO,golden-green,6.036324907690871,4.1451896340033105,4.872531097917089,ripe apple;herbs;almond,smooth;gentle bitterness,none,cold extraction,filtered,0.3815960386371252,—,"Attica blend, approachable and smooth for everyday use."
INT-000588,Nestos Riverbank • Victoria,Victoria,South Australia,Chetoui,2024.0312755115956,EVOO,green,7.651039636661417,4.868680948768696,6.8460809659716775,green tomato;rocket;peppercorn,firm;spicy;clean finish,none,"cold, inert gas",filtered,0.2926545041678626,—,Thracian blend with zesty tomato‑leaf and spicy finish.
INT-000263,Lesvos Hills • Corsica,Corsica,Languedoc,Frantoio,2024.0446674850505,EVOO,golden,6.0579625024555215,4.207498001210575,4.21109176126792,ripe tomato;dried herbs;almond,soft;rounded;subtle heat,none,"two-phase, cold",filtered,0.3689662590209528,—,Gentle island blend with ripe fruit notes; friendly for desserts and light sautés.
INT-000298,Mytilene Estate • Wairarapa,Wairarapa,Hawke's Bay,Leccino,2024.0009245281412,EVOO,golden-green,5.67096279474388,3.751590269689513,4.50024617978749,ripe tomato;oregano;dried fig,rounded;pleasant;light pepper,none,"two-phase, cold",filtered,0.4418239585307825,—,Classically soft Kolovi suitable for mild salads.
INT-000415,Zakynthos Grove • İzmir,İzmir,Balıkesir,Mission,2023.9663237925222,EVOO,green,6.75057278515511,4.504948332458085,6.310749556241011,green banana;parsley;pepper leaf,fresh;medium body;clean heat,none,two-phase,unfiltered,0.31788313941761703,—,Lively island Koroneiki with green banana and clean peppery lift.
INT-000151,Nestos Riverbank • Provence,Provence,Corsica,Chemlali,2023.999069988976,EVOO,green,6.880114633398247,6.014246133630239,7.020169050507642,green tomato;rocket;peppercorn,firm;spicy;clean finish,none,"cold, inert gas",filtered,0.2855167376564296,—,Thracian blend with zesty tomato‑leaf and spicy finish.
INT-000637,Thassos Throumpa • Zgharta,Zgharta,Koura,Barnea,2023.9872104550573,EVOO,golden,4.95775014918836,2.8,2.75,ripe olive;dried almond;hay,mellow;sweet entry;light pepper,none,cold extraction,unfiltered,0.45940298738053964,—,Soft island profile with ripe notes; ideal for pastries and mellow dishes.
INT-000713,Thassos Throumpa • Ajloun,Ajloun,Ajloun,Mission,2024.0301683580187,EVOO,golden,5.14256790341949,3.0605138860291996,4.592094022460423,ripe olive;dried almond;hay,mellow;sweet entry;light pepper,none,cold extraction,unfiltered,0.4625,—,Soft island profile with ripe notes; ideal for pastries and mellow dishes.
INT-000551,Saronic Shores • Castilla-La Mancha,Castilla-La Mancha,Castilla-La Mancha,Chemlali,2024.0273994228653,EVOO,golden-green,5.799096587954998,3.889091249277703,4.163620534498616,ripe apple;herbs;almond,smooth;gentle bitterness,none,cold extraction,filtered,0.39912600226179135,—,"Attica blend, approachable and smooth for everyday use."
INT-000489,Saronic Shores • Maule,Maule,O'Higgins,Arbequina,2023.9311512690304,EVOO,golden-green,6.093004597278035,4.760829730931629,5.457781278541135,ripe apple;herbs;almond,smooth;gentle bitterness,none,cold extraction,filtered,0.36241295520077776,—,"Attica blend, approachable and smooth for everyday use."
INT-000148,Laconian Peaks • Ajloun,Ajloun,Ajloun,Koroneiki,2024.050416378602,EVOO,bright green,6.944111332456996,4.705041230375488,6.433607495014509,green banana;wild herbs;chicory,gentle bitterness;clean;long aftertaste,none,"two-phase mill, cold",unfiltered,0.3012083973194563,—,"Athinolia brings elegance and floral notes, softened by Koroneiki; versatile everyday oil."
INT-000147,Makri Heritage • Kairouan,Kairouan,Sousse,Chemlali,2024.0097351211284,EVOO,emerald green,8.070855561317007,4.816461946984141,5.988861120057259,tomato leaf;green pepper;fresh herbs,crisply bitter;vivid pepper,none,"cold extraction, decanter",unfiltered,0.24743738312066754,—,"Distinct Makri cultivar, tomato‑leaf aromas and vibrant pepper; superb for bruschetta."
INT-000589,Thassos Throumpa • Sfax,Sfax,Sfax,Frantoio,2024.024109154162,EVOO,golden,4.8419006344450555,2.8,4.146970597580582,ripe olive;dried almond;hay,mellow;sweet entry;light pepper,none,cold extraction,unfiltered,0.4625,—,Soft island profile with ripe notes; ideal for pastries and mellow dishes.
INT-000743,Nestos Riverbank • Sicily,Sicily,Liguria,Picual,2024.0228366515375,EVOO,green,7.018095354309601,5.033641351738798,7.9594888522177465,green tomato;rocket;peppercorn,firm;spicy;clean finish,none,"cold, inert gas",filtered,0.27071865428090514,—,Thracian blend with zesty tomato‑leaf and spicy finish.
INT-000602,Arcadian Orchard • Galilee,Galilee,Judean Hills,Picholine,2023.953069259452,EVOO,golden,6.45497769086593,4.238307903895199,3.1267304898709107,ripe pear;chamomile;almond,buttery;gentle bitterness,none,cold extraction,filtered,0.37139634684309436,—,Approachable blend suited for everyday cooking and baking.
INT-000349,Sitia Sunrise • O'Higgins,O'Higgins,Colchagua,Picholine,2023.9433024313316,EVOO,bright green,7.737383020845557,6.1649563577220015,7.343821861560912,green tomato;artichoke;nettle,firm bitterness;spicy tail,none,"three-phase, inert gas",filtered,0.19725900736277516,—,High‑energy Sitia EVOO with classic Cretan grassiness; for soups and grilled octopus.
INT-000464,Lesvos Hills • Wairarapa,Wairarapa,Wairarapa,Koroneiki,2024.1111753505113,EVOO,golden,6.314404937997663,3.7197388514430654,3.4193402092184186,ripe tomato;dried herbs;almond,soft;rounded;subtle heat,none,"two-phase, cold",filtered,0.41272851375370034,—,Gentle island blend with ripe fruit notes; friendly for desserts and light sautés.
INT-000326,Thassos Throumpa • Marrakech-Safi,Marrakech-Safi,Marrakech-Safi,Chemlali,2023.9532638249125,EVOO,golden,5.2047855918375445,2.880566035284426,2.75,ripe olive;dried almond;hay,mellow;sweet entry;light pepper,none,cold extraction,unfiltered,0.43037577360611645,—,Soft island profile with ripe notes; ideal for pastries and mellow dishes.
INT-000187,Saronic Shores • Taza,Taza,Marrakech-Safi,Chemlali,2024.0035879515551,EVOO,golden-green,6.024032728505166,4.587422251019988,6.00941947871779,ripe apple;herbs;almond,smooth;gentle bitterness,none,cold extraction,filtered,0.3358732849458761,—,"Attica blend, approachable and smooth for everyday use."
INT-000124,Messinian Classic • Galilee,Galilee,Judean Hills,Arbequina,2024.0062351853978,EVOO,green-gold,7.317079210892931,5.88496367496581,6.708855410449685,artichoke;arugula;green almond,assertive;peppery;structured,none,cold-extracted,filtered,0.27288398901333855,—,Quintessential Messinian Koroneiki; assertive but balanced; for red sauces and grills.
INT-000684,Olympia Fields • Koura,Koura,Akkar,Frantoio,2023.91382501447,EVOO,green-gold,6.653438932159686,4.9923343834127945,5.518906712880603,fresh-cut grass;green almond;citrus zest,balanced;clean;medium pepper,none,three-phase,filtered,0.26513032680477994,—,Clean classic profile; versatile on legumes and grilled vegetables.
INT-000144,Phthiotis Vale • Koura,Koura,Akkar,Hojiblanca,2024.0914033765173,EVOO,golden,5.068055565252435,3.41160726828874,2.75,ripe apple;dried herb;almond,soft;low bitterness;light heat,none,cold extraction,filtered,0.43896705819457177,—,"Gentle mainland blend with friendly, ripe flavor profile."
INT-000764,Arcadian Orchard • Sonoma,Sonoma,Sacramento Valley,Frantoio,2024.0483348715868,EVOO,golden,5.957974959130817,3.389483930328553,3.7819537092656774,ripe pear;chamomile;almond,buttery;gentle bitterness,none,cold extraction,filtered,0.41738813067246827,—,Approachable blend suited for everyday cooking and baking.
INT-000198,Laconian Peaks • O'Higgins,O'Higgins,Maule,Frantoio,2024.0067804275932,EVOO,bright green,7.348636481163165,4.890540045532685,6.612809792370765,green banana;wild herbs;chicory,gentle bitterness;clean;long aftertaste,none,"two-phase mill, cold",unfiltered,0.22709030598698798,—,"Athinolia brings elegance and floral notes, softened by Koroneiki; versatile everyday oil."
INT-000280,Messinian Classic • Zgharta,Zgharta,Akkar,Chetoui,2023.94320541262,EVOO,green-gold,7.415990245269681,6.070940089733341,6.451776741072409,artichoke;arugula;green almond,assertive;peppery;structured,none,cold-extracted,filtered,0.23829748785046528,—,Quintessential Messinian Koroneiki; assertive but balanced; for red sauces and grills.
INT-000294,Mytilene Estate • Andalusia,Andalusia,Valencia,Arbosana,2024.118174507179,EVOO,golden-green,6.059256749651515,4.250024337822789,4.630869292346235,ripe tomato;oregano;dried fig,rounded;pleasant;light pepper,none,"two-phase, cold",filtered,0.3419228593130212,—,Classically soft Kolovi suitable for mild salads.
INT-000401,Corfiot Lianolia • Taza,Taza,Fès-Meknès,Taggiasca,2023.928937420963,EVOO,green-gold,6.817388989983285,4.270362182844835,4.640622776577214,green walnut;wild fennel;apple skin,silky;fresh;medium pepper,none,cold-extracted,filtered,0.3447850511086335,—,Elegant Corfiot oil with herbal lift; shines on steamed vegetables and fish.
INT-000123,Arcadian Orchard • Corsica,Corsica,Corsica,Leccino,2024.0485658457244,EVOO,golden,5.783831163754267,4.235497056933401,4.688435188874074,ripe pear;chamomile;almond,buttery;gentle bitterness,none,cold extraction,filtered,0.4057525534764534,—,Approachable blend suited for everyday cooking and baking.
INT-000184,Messinian Classic • Zgharta,Zgharta,Koura,Hojiblanca,2024.0026010634979,EVOO,green-gold,7.184015084156189,5.985142987464179,7.066508319741654,artichoke;arugula;green almond,assertive;peppery;structured,none,cold-extracted,filtered,0.2983471719674683,—,Quintessential Messinian Koroneiki; assertive but balanced; for red sauces and grills.
INT-000203,Argolic Breeze • O'Higgins,O'Higgins,Maule,Mission,2023.9812669631187,EVOO,golden-green,5.908290026397741,3.2633685057871062,2.9083333113228136,ripe apple;pear;chamomile,mild;buttery;light pepper,none,cold-extracted <27°C,filtered,0.34908530566580265,—,Classic Manaki with mild bitterness and delicate aromas; great for baking and white cheeses.
INT-000439,Olympia Fields • La Rioja,La Rioja,Mendoza,Taggiasca,2023.9837099714891,EVOO,green-gold,7.243220505019482,4.702441710536652,6.808303417679294,fresh-cut grass;green almond;citrus zest,balanced;clean;medium pepper,none,three-phase,filtered,0.25725128245219875,—,Clean classic profile; versatile on legumes and grilled vegetables.
INT-000247,Argolic Breeze • Victoria,Victoria,New South Wales,Leccino,2024.004117296831,EVOO,golden-green,5.643567518418468,3.1679650778085984,4.04456768536828,ripe apple;pear;chamomile,mild;buttery;light pepper,none,cold-extracted <27°C,filtered,0.36252644327468764,—,Classic Manaki with mild bitterness and delicate aromas; great for baking and white cheeses.
INT-000416,Zakynthos Grove • South Australia,South Australia,New South Wales,Koroneiki,2024.0197375310022,EVOO,green,6.764380147453362,4.642532829060957,6.471069044066292,green banana;parsley;pepper leaf,fresh;medium body;clean heat,none,two-phase,unfiltered,0.34093027741369436,—,Lively island Koroneiki with green banana and clean peppery lift.
INT-000712,Makri Heritage • New South Wales,New South Wales,South Australia,Mission,2024.0593451019777,EVOO,emerald green,7.841514451568723,4.788644748597268,6.912135720335762,tomato leaf;green pepper;fresh herbs,crisply bitter;vivid pepper,none,"cold extraction, decanter",unfiltered,0.2393573443338175,—,"Distinct Makri cultivar, tomato‑leaf aromas and vibrant pepper; superb for bruschetta."
INT-000130,Nestos Riverbank • South Australia,South Australia,New South Wales,Frantoio,2023.9324261359845,EVOO,green,7.054426457579878,5.253231627544009,7.192902779671731,green tomato;rocket;peppercorn,firm;spicy;clean finish,none,"cold, inert gas",filtered,0.2772105580644028,—,Thracian blend with zesty tomato‑leaf and spicy finish.
INT-000403,Kefalonian Bay • Ribatejo,Ribatejo,Alentejo,Arbosana,2023.935264208864,EVOO,golden-green,5.98149907156205,3.6383846407488516,4.3714161267621385,ripe apple;oregano;almond,round;mildly peppery,none,cold extraction,filtered,0.3932375835623622,—,Island blend leaning ripe and round; table‑friendly and forgiving.
INT-000633,Peloponnesian Grove • Andalusia,Andalusia,Castilla-La Mancha,Cornicabra,2024.0019707796464,EVOO,deep green-gold,7.173824584039024,6.081835587847184,6.897357435756582,green apple;fresh-cut grass;tomato leaf;artichoke,balanced;slightly peppery;almond finish,none,cold-extracted <27°C,filtered,0.25854019793070593,—,Koroneiki from Messinia with bright green fruitiness and a peppery finish; ideal for salads and grilled fish.
INT-000624,Argolic Breeze • Provence,Provence,Corsica,Cornicabra,2024.0068563374846,EVOO,golden-green,6.417535223212054,2.8,4.535159853660597,ripe apple;pear;chamomile,mild;buttery;light pepper,none,cold-extracted <27°C,filtered,0.35584767118331073,—,Classic Manaki with mild bitterness and delicate aromas; great for baking and white cheeses.
INT-000728,Peloponnesian Grove • Colchagua,Colchagua,Colchagua,Taggiasca,2023.9961873464997,EVOO,deep green-gold,8.103925377829338,6.536628505676709,7.322725771439734,green apple;fresh-cut grass;tomato leaf;artichoke,balanced;slightly peppery;almond finish,none,cold-extracted <27°C,filtered,0.22800890526201598,—,Koroneiki from Messinia with bright green fruitiness and a peppery finish; ideal for salads and grilled fish.
INT-000220,Phthiotis Vale • Aydın,Aydın,İzmir,Barnea,2024.0571900253321,EVOO,golden,4.8,3.050525812725286,2.75,ripe apple;dried herb;almond,soft;low bitterness;light heat,none,cold extraction,filtered,0.40153403862309833,—,"Gentle mainland blend with friendly, ripe flavor profile."
INT-000730,Makri Heritage • Judean Hills,Judean Hills,Galilee,Picholine,2024.0008276158894,EVOO,emerald green,7.4752667703062485,5.58706471145658,7.406651594560217,tomato leaf;green pepper;fresh herbs,crisply bitter;vivid pepper,none,"cold extraction, decanter",unfiltered,0.265911658617084,—,"Distinct Makri cultivar, tomato‑leaf aromas and vibrant pepper; superb for bruschetta."
INT-000610,Thassos Throumpa • Victoria,Victoria,South Australia,Hojiblanca,2024.0344675413678,EVOO,golden,5.262430760370042,3.309204221152847,3.0673005693479563,ripe olive;dried almond;hay,mellow;sweet entry;light pepper,none,cold extraction,unfiltered,0.4367164108370103,—,Soft island profile with ripe notes; ideal for pastries and mellow dishes.
INT-000733,Zakynthos Grove • Sfax,Sfax,Sousse,Arbequina,2023.962247562519,EVOO,green,6.451141585594879,5.317156386632198,6.762276055449505,green banana;parsley;pepper leaf,fresh;medium body;clean heat,none,two-phase,unfiltered,0.30116973141618314,—,Lively island Koroneiki with green banana and clean peppery lift.
INT-000618,Zakynthos Grove • Irbid,Irbid,Irbid,Hojiblanca,2023.9208259000543,EVOO,green,6.208628482944473,5.375969092664744,6.229934939517452,green banana;parsley;pepper leaf,fresh;medium body;clean heat,none,two-phase,unfiltered,0.3754442225005478,—,Lively island Koroneiki with green banana and clean peppery lift.
INT-000387,Mytilene Estate • San Joaquin,San Joaquin,Sonoma,Leccino,2023.922667296836,EVOO,golden-green,6.579909727800484,4.255079437912048,3.990225140089662,ripe tomato;oregano;dried fig,rounded;pleasant;light pepper,none,"two-phase, cold",filtered,0.35355353481850327,—,Classically soft Kolovi suitable for mild salads.
INT-000776,Nestos Riverbank • Taza,Taza,Taza,Frantoio,2023.973436639744,EVOO,green,6.910283390092485,5.422248782839826,6.928053227539236,green tomato;rocket;peppercorn,firm;spicy;clean finish,none,"cold, inert gas",filtered,0.26657308098204,—,Thracian blend with zesty tomato‑leaf and spicy finish.
INT-000510,Phthiotis Vale • Kairouan,Kairouan,Sfax,Leccino,2024.0273248444444,EVOO,golden,5.03009669872858,2.8,4.273775339781043,ripe apple;dried herb;almond,soft;low bitterness;light heat,none,cold extraction,filtered,0.4406936929676996,—,"Gentle mainland blend with friendly, ripe flavor profile."
INT-000268,Sitia Sunrise • Balıkesir,Balıkesir,İzmir,Picual,2024.023840618455,EVOO,bright green,8.037755948640454,5.553412638039014,7.267055694099956,green tomato;artichoke;nettle,firm bitterness;spicy tail,none,"three-phase, inert gas",filtered,0.2182990621233572,—,High‑energy Sitia EVOO with classic Cretan grassiness; for soups and grilled octopus.
INT-000782,Makri Heritage • Provence,Provence,Provence,Manzanilla,2024.0908868272816,EVOO,emerald green,8.000876154714222,5.183899608870367,7.627926610966909,tomato leaf;green pepper;fresh herbs,crisply bitter;vivid pepper,none,"cold extraction, decanter",unfiltered,0.28010676387164496,—,"Distinct Makri cultivar, tomato‑leaf aromas and vibrant pepper; superb for bruschetta."
INT-000442,Arcadian Orchard • Catamarca,Catamarca,Catamarca,Arbequina,2023.9385163752963,EVOO,golden,5.762739371116493,3.669729020725586,4.197544865774532,ripe pear;chamomile;almond,buttery;gentle bitterness,none,cold extraction,filtered,0.41145473225468593,—,Approachable blend suited for everyday cooking and baking.
INT-000497,Tsounati Mountain • Colchagua,Colchagua,Maule,Arbosana,2024.0249053089674,EVOO,deep green,8.139127994111458,5.006965655021882,8.25,wild greens;artichoke;oregano,bold bitterness;strong pepper,none,"cold extraction, two-phase",unfiltered,0.23067445893510521,—,Mountain Tsounati with intense pepper and wild herb character.
INT-000113,Laconian Peaks • Maule,Maule,Colchagua,Manzanilla,2024.0841018210049,EVOO,bright green,6.935820073521695,5.005873238338722,6.522297616489971,green banana;wild herbs;chicory,gentle bitterness;clean;long aftertaste,none,"two-phase mill, cold",unfiltered,0.3016597637722095,—,"Athinolia brings elegance and floral notes, softened by Koroneiki; versatile everyday oil."
INT-000233,Tsounati Mountain • Marrakech-Safi,Marrakech-Safi,Marrakech-Safi,Arbequina,2023.9412946734408,EVOO,deep green,7.458959510934986,6.142757570235702,7.661015492487594,wild greens;artichoke;oregano,bold bitterness;strong pepper,none,"cold extraction, two-phase",unfiltered,0.206178168653927,—,Mountain Tsounati with intense pepper and wild herb character.
INT-000699,Peloponnesian Grove • Beira Interior,Beira Interior,Beira Interior,Taggiasca,2023.9751310589816,EVOO,deep green-gold,8.055915791773723,6.049231046787325,7.135387255865968,green apple;fresh-cut grass;tomato leaf;artichoke,balanced;slightly peppery;almond finish,none,cold-extracted <27°C,filtered,0.19655660560589822,—,Koroneiki from Messinia with bright green fruitiness and a peppery finish; ideal for salads and grilled fish.
INT-000608,Zakynthos Grove • Sfax,Sfax,Sousse,Picual,2024.030315174507,EVOO,green,7.025519632351506,4.391279214865683,6.5196398928769925,green banana;parsley;pepper leaf,fresh;medium body;clean heat,none,two-phase,unfiltered,0.32203210726487436,—,Lively island Koroneiki with green banana and clean peppery lift.
INT-000374,Makri Heritage • Sfax,Sfax,Sfax,Picholine,2024.1064003226486,EVOO,emerald green,8.16081930718368,4.628027728050214,6.426346682390655,tomato leaf;green pepper;fresh herbs,crisply bitter;vivid pepper,none,"cold extraction, decanter",unfiltered,0.2719304549442854,—,"Distinct Makri cultivar, tomato‑leaf aromas and vibrant pepper; superb for bruschetta."
INT-000234,Tsounati Mountain • Liguria,Liguria,Tuscany,Taggiasca,2024.0571174987801,EVOO,deep green,7.698652603565487,6.991976345879578,7.8975115844332695,wild greens;artichoke;oregano,bold bitterness;strong pepper,none,"cold extraction, two-phase",unfiltered,0.2964283187243969,—,Mountain Tsounati with intense pepper and wild herb character.
INT-000634,Messinian Classic • Corsica,Corsica,Provence,Koroneiki,2023.985573355462,EVOO,green-gold,6.679326765433922,6.795254949927089,6.2239559305109164,artichoke;arugula;green almond,assertive;peppery;structured,none,cold-extracted,filtered,0.2765130113722865,—,Quintessential Messinian Koroneiki; assertive but balanced; for red sauces and grills.
INT-000318,Sitia Sunrise • İzmir,İzmir,Balıkesir,Cornicabra,2024.1032703256367,EVOO,bright green,7.315175561348976,5.327560782010249,7.258640775226052,green tomato;artichoke;nettle,firm bitterness;spicy tail,none,"three-phase, inert gas",filtered,0.1875,—,High‑energy Sitia EVOO with classic Cretan grassiness; for soups and grilled octopus.
INT-000411,Mytilene Estate • Galilee,Galilee,Galilee,Picholine,2024.0077802896894,EVOO,golden-green,6.051015252450196,3.9248066128124965,4.0026375687314415,ripe tomato;oregano;dried fig,rounded;pleasant;light pepper,none,"two-phase, cold",filtered,0.38973999939122494,—,Classically soft Kolovi suitable for mild salads.
INT-000718,Laconian Peaks • Castilla-La Mancha,Castilla-La Mancha,Andalusia,Chetoui,2023.9600946818373,EVOO,bright green,6.969649117897273,4.695753868695021,6.226673103497196,green banana;wild herbs;chicory,gentle bitterness;clean;long aftertaste,none,"two-phase mill, cold",unfiltered,0.3133933757210563,—,"Athinolia brings elegance and floral notes, softened by Koroneiki; versatile everyday oil."
INT-000359,Argolic Breeze • Catalonia,Catalonia,Castilla-La Mancha,Taggiasca,2023.9925758835152,EVOO,golden-green,6.044868513811995,3.6220488013125696,3.6410623245891562,ripe apple;pear;chamomile,mild;buttery;light pepper,none,cold-extracted <27°C,filtered,0.3529118157129443,—,Classic Manaki with mild bitterness and delicate aromas; great for baking and white cheeses.
INT-000259,Messinian Classic • Languedoc,Languedoc,Corsica,Picholine,2024.0373887978908,EVOO,green-gold,6.719907146580662,5.931496402872291,6.578719203079701,artichoke;arugula;green almond,assertive;peppery;structured,none,cold-extracted,filtered,0.27349116609128193,—,Quintessential Messinian Koroneiki; assertive but balanced; for red sauces and grills.
INT-000628,Peloponnesian Grove • Zgharta,Zgharta,Koura,Chetoui,2023.9886130928699,EVOO,deep green-gold,7.89550191153428,6.055546830927137,6.538732464871363,green apple;fresh-cut grass;tomato leaf;artichoke,balanced;slightly peppery;almond finish,none,cold-extracted <27°C,filtered,0.2924830299021331,—,Koroneiki from Messinia with bright green fruitiness and a peppery finish; ideal for salads and grilled fish.
INT-000283,Saronic Shores • Mendoza,Mendoza,Mendoza,Chemlali,2024.0407473873897,EVOO,golden-green,5.7816487489216835,3.969980827755858,4.723605650313508,ripe apple;herbs;almond,smooth;gentle bitterness,none,cold extraction,filtered,0.3118759434005547,—,"Attica blend, approachable and smooth for everyday use."
INT-000377,Makri Heritage • Akkar,Akkar,Zgharta,Leccino,2024.0260359791382,EVOO,emerald green,7.6140304335360955,4.120396902611396,7.13574950610497,tomato leaf;green pepper;fresh herbs,crisply bitter;vivid pepper,none,"cold extraction, decanter",unfiltered,0.3026748266326038,—,"Distinct Makri cultivar, tomato‑leaf aromas and vibrant pepper; superb for bruschetta."
INT-000385,Lesvos Hills • Wairarapa,Wairarapa,Hawke's Bay,Picual,2023.9091933501907,EVOO,golden,6.342743254292071,4.150379262496551,4.054105824843718,ripe tomato;dried herbs;almond,soft;rounded;subtle heat,none,"two-phase, cold",filtered,0.41611733575667254,—,Gentle island blend with ripe fruit notes; friendly for desserts and light sautés.
INT-000225,Phthiotis Vale • Provence,Provence,Corsica,Mission,2024.058580326901,EVOO,golden,4.879440037024187,3.0014706547078984,2.75,ripe apple;dried herb;almond,soft;low bitterness;light heat,none,cold extraction,filtered,0.4345223153505241,—,"Gentle mainland blend with friendly, ripe flavor profile."
INT-000760,Makri Heritage • Beira Interior,Beira Interior,Trás-os-Montes,Arbosana,2024.0087428752847,EVOO,emerald green,7.82231305572364,3.783009815821446,7.508784915454754,tomato leaf;green pepper;fresh herbs,crisply bitter;vivid pepper,none,"cold extraction, decanter",unfiltered,0.2892643977047286,—,"Distinct Makri cultivar, tomato‑leaf aromas and vibrant pepper; superb for bruschetta."
INT-000658,Corfiot Lianolia • Sousse,Sousse,Sfax,Leccino,2024.0297811192047,EVOO,green-gold,7.004874126338501,3.869199130491353,4.503430417795349,green walnut;wild fennel;apple skin,silky;fresh;medium pepper,none,cold-extracted,filtered,0.3015776089269505,—,Elegant Corfiot oil with herbal lift; shines on steamed vegetables and fish.
INT-000473,Corfiot Lianolia • Balıkesir,Balıkesir,Aydın,Frantoio,2024.0586295279372,EVOO,green-gold,7.305829100112343,3.5795097450345637,4.283489599372044,green walnut;wild fennel;apple skin,silky;fresh;medium pepper,none,cold-extracted,filtered,0.29542653483848635,—,Elegant Corfiot oil with herbal lift; shines on steamed vegetables and fish.
INT-000348,Makri Heritage • Valencia,Valencia,Extremadura,Arbequina,2023.992891672998,EVOO,emerald green,8.57374255249338,4.38095221238001,7.28142145917737,tomato leaf;green pepper;fresh herbs,crisply bitter;vivid pepper,none,"cold extraction, decanter",unfiltered,0.25434686291204306,—,"Distinct Makri cultivar, tomato‑leaf aromas and vibrant pepper; superb for bruschetta."
INT-000506,Laconian Peaks • Wairarapa,Wairarapa,Wairarapa,Picholine,2024.0363528541152,EVOO,bright green,7.101283902247324,4.872937061523165,6.386067708052297,green banana;wild herbs;chicory,gentle bitterness;clean;long aftertaste,none,"two-phase mill, cold",unfiltered,0.30345544935713087,—,"Athinolia brings elegance and floral notes, softened by Koroneiki; versatile everyday oil."
INT-000640,Cretan Ridge • Sacramento Valley,Sacramento Valley,Napa,Chetoui,2023.960306942133,EVOO,vibrant green,8.720323125571115,7.085423647397595,7.568940697189626,rocket;artichoke;green almond;oregano,robust;spicy;lingering pepper,none,"three-phase mill, nitrogen blanket",filtered,0.19986683383916937,NYIOOC 2024 Gold (fictional),Powerful Cretan profile with high fruitiness and pungency; stands up to roasted meats.
INT-000789,Phthiotis Vale • Puglia,Puglia,Tuscany,Arbosana,2023.976253217653,EVOO,golden,5.0816176630805066,2.8,2.75,ripe apple;dried herb;almond,soft;low bitterness;light heat,none,cold extraction,filtered,0.37298353198521766,—,"Gentle mainland blend with friendly, ripe flavor profile."
INT-000741,Sitia Sunrise • Hawke's Bay,Hawke's Bay,Wairarapa,Coratina,2023.9858893474438,EVOO,bright green,7.396043618114973,6.59109546279231,6.561057072877828,green tomato;artichoke;nettle,firm bitterness;spicy tail,none,"three-phase, inert gas",filtered,0.20078913044012883,—,High‑energy Sitia EVOO with classic Cretan grassiness; for soups and grilled octopus.
INT-000723,Arcadian Orchard • Colchagua,Colchagua,O'Higgins,Frantoio,2024.069860877985,EVOO,golden,5.9318331766798105,4.071666364854992,3.0944452990996942,ripe pear;chamomile;almond,buttery;gentle bitterness,none,cold extraction,filtered,0.3947549777933208,—,Approachable blend suited for everyday cooking and baking.
INT-000620,Mytilene Estate • Balıkesir,Balıkesir,Aydın,Frantoio,2023.9517682178266,EVOO,golden-green,5.8283321011573985,3.5657296173920106,4.267172037310751,ripe tomato;oregano;dried fig,rounded;pleasant;light pepper,none,"two-phase, cold",filtered,0.4282944996841006,—,Classically soft Kolovi suitable for mild salads.
INT-000686,Messinian Classic • Alentejo,Alentejo,Trás-os-Montes,Picholine,2023.9361220512044,EVOO,green-gold,7.65133669901774,5.8462278543450354,8.19173417725312,artichoke;arugula;green almond,assertive;peppery;structured,none,cold-extracted,filtered,0.2290205382869412,—,Quintessential Messinian Koroneiki; assertive but balanced; for red sauces and grills.
INT-000646,Cretan Ridge • Maule,Maule,Colchagua,Mission,2023.999575305519,EVOO,vibrant green,8.511184957710594,6.771700218479557,6.575116188408272,rocket;artichoke;green almond;oregano,robust;spicy;lingering pepper,none,"three-phase mill, nitrogen blanket",filtered,0.20429937410839777,NYIOOC 2024 Gold (fictional),Powerful Cretan profile with high fruitiness and pungency; stands up to roasted meats.
INT-000679,Peloponnesian Grove • Aydın,Aydın,Aydın,Arbequina,2024.038819567356,EVOO,deep green-gold,8.537947135691576,5.676573765010044,7.3283184783165956,green apple;fresh-cut grass;tomato leaf;artichoke,balanced;slightly peppery;almond finish,none,cold-extracted <27°C,filtered,0.25455381058829035,—,Koroneiki from Messinia with bright green fruitiness and a peppery finish; ideal for salads and grilled fish.
INT-000557,Tsounati Mountain • Galilee,Galilee,Judean Hills,Mission,2024.041028992731,EVOO,deep green,8.037865573227597,6.702791951136674,8.25,wild greens;artichoke;oregano,bold bitterness;strong pepper,none,"cold extraction, two-phase",unfiltered,0.2460518457443625,—,Mountain Tsounati with intense pepper and wild herb character.
INT-000578,Corfiot Lianolia • Alentejo,Alentejo,Ribatejo,Koroneiki,2024.0197994928237,EVOO,green-gold,6.85861298519704,4.73873207872749,4.370099304117397,green walnut;wild fennel;apple skin,silky;fresh;medium pepper,none,cold-extracted,filtered,0.3588295479751791,—,Elegant Corfiot oil with herbal lift; shines on steamed vegetables and fish.
INT-000086,Lesvos Hills • Ribatejo,Ribatejo,Ribatejo,Picholine,2023.960685753192,EVOO,golden,6.530207805066937,4.1936937742645775,2.7719237137682717,ripe tomato;dried herbs;almond,soft;rounded;subtle heat,none,"two-phase, cold",filtered,0.3637229174278186,—,Gentle island blend with ripe fruit notes; friendly for desserts and light sautés.
INT-000243,Peloponnesian Grove • Irbid,Irbid,Ajloun,Hojiblanca,2023.9732456920874,EVOO,deep green-gold,7.158722220255228,5.692828971470316,6.686922117346771,green apple;fresh-cut grass;tomato leaf;artichoke,balanced;slightly peppery;almond finish,none,cold-extracted <27°C,filtered,0.27829593832218513,—,Koroneiki from Messinia with bright green fruitiness and a peppery finish; ideal for salads and grilled fish.
INT-000160,Mytilene Estate • South Australia,South Australia,New South Wales,Arbequina,2024.032214307606,EVOO,golden-green,6.511312133073658,3.737078157163202,4.49615052719156,ripe tomato;oregano;dried fig,rounded;pleasant;light pepper,none,"two-phase, cold",filtered,0.3691466018852351,—,Classically soft Kolovi suitable for mild salads.
INT-000525,Saronic Shores • Kairouan,Kairouan,Sousse,Arbosana,2023.9887862548067,EVOO,golden-green,5.917782981511931,4.187897916230521,5.283091646536497,ripe apple;herbs;almond,smooth;gentle bitterness,none,cold extraction,filtered,0.3549744714515828,—,"Attica blend, approachable and smooth for everyday use."
INT-000036,Sitia Sunrise • Alentejo,Alentejo,Ribatejo,Leccino,2023.9941304272586,EVOO,bright green,7.808144250807722,5.757592708458972,7.499430971367721,green tomato;artichoke;nettle,firm bitterness;spicy tail,none,"three-phase, inert gas",filtered,0.1875,—,High‑energy Sitia EVOO with classic Cretan grassiness; for soups and grilled octopus.
INT-000541,Phthiotis Vale • Languedoc,Languedoc,Languedoc,Leccino,2023.9749297198246,EVOO,golden,5.474839064000502,2.8,3.2561091702801335,ripe apple;dried herb;almond,soft;low bitterness;light heat,none,cold extraction,filtered,0.3855848423740056,—,"Gentle mainland blend with friendly, ripe flavor profile."
INT-000171,Olympia Fields • South Australia,South Australia,Victoria,Leccino,2024.022912728869,EVOO,green-gold,7.085926533619358,5.43996486744176,7.338501605623579,fresh-cut grass;green almond;citrus zest,balanced;clean;medium pepper,none,three-phase,filtered,0.28105043516452327,—,Clean classic profile; versatile on legumes and grilled vegetables.
INT-000655,Sitia Sunrise • Puglia,Puglia,Sicily,Arbosana,2023.9702748002862,EVOO,bright green,7.758760446687201,6.275103800155754,6.9888412429909215,green tomato;artichoke;nettle,firm bitterness;spicy tail,none,"three-phase, inert gas",filtered,0.19366999722392242,—,High‑energy Sitia EVOO with classic Cretan grassiness; for soups and grilled octopus.
INT-000688,Kefalonian Bay • South Australia,South Australia,New South Wales,Arbosana,2024.0238182384346,EVOO,golden-green,6.536900668789722,2.963252454158221,4.9428699510352665,ripe apple;oregano;almond,round;mildly peppery,none,cold extraction,filtered,0.41880625806579,—,Island blend leaning ripe and round; table‑friendly and forgiving.
INT-000680,Tsounati Mountain • Hawke's Bay,Hawke's Bay,Hawke's Bay,Chetoui,2023.9399508115619,EVOO,deep green,7.811620889681972,6.305805156369954,8.25,wild greens;artichoke;oregano,bold bitterness;strong pepper,none,"cold extraction, two-phase",unfiltered,0.22164286592719026,—,Mountain Tsounati with intense pepper and wild herb character.
INT-000753,Zakynthos Grove • Wairarapa,Wairarapa,Wairarapa,Arbosana,2024.014391033506,EVOO,green,6.779584675225082,5.312060888497874,6.044280971316398,green banana;parsley;pepper leaf,fresh;medium body;clean heat,none,two-phase,unfiltered,0.39396576303178976,—,Lively island Koroneiki with green banana and clean peppery lift.
INT-000096,Arcadian Orchard • O'Higgins,O'Higgins,Colchagua,Mission,2024.0528641296655,EVOO,golden,6.095800432410097,4.026778733023707,3.857413147630633,ripe pear;chamomile;almond,buttery;gentle bitterness,none,cold extraction,filtered,0.39731167320711275,—,Approachable blend suited for everyday cooking and baking.
INT-000564,Kefalonian Bay • La Rioja,La Rioja,Mendoza,Chemlali,2023.9426097787548,EVOO,golden-green,6.10516794153508,4.367026246274309,5.862118050640591,ripe apple;oregano;almond,round;mildly peppery,none,cold extraction,filtered,0.35304713845278796,—,Island blend leaning ripe and round; table‑friendly and forgiving.
INT-000241,Sitia Sunrise • Ajloun,Ajloun,Irbid,Arbequina,2023.928349906283,EVOO,bright green,7.794430363730912,6.69922455261858,6.528660506818084,green tomato;artichoke;nettle,firm bitterness;spicy tail,none,"three-phase, inert gas",filtered,0.22796807566119917,—,High‑energy Sitia EVOO with classic Cretan grassiness; for soups and grilled octopus.
INT-000575,Laconian Peaks • Zgharta,Zgharta,Zgharta,Barnea,2023.9912656673766,EVOO,bright green,7.187775618295216,4.893330171114691,6.343332099319579,green banana;wild herbs;chicory,gentle bitterness;clean;long aftertaste,none,"two-phase mill, cold",unfiltered,0.294777410132434,—,"Athinolia brings elegance and floral notes, softened by Koroneiki; versatile everyday oil."
INT-000461,Argolic Breeze • Galilee,Galilee,Galilee,Chetoui,2024.027784433266,EVOO,golden-green,6.369080571364221,2.8,3.9986985184202872,ripe apple;pear;chamomile,mild;buttery;light pepper,none,cold-extracted <27°C,filtered,0.34074840573993265,—,Classic Manaki with mild bitterness and delicate aromas; great for baking and white cheeses.
INT-000554,Thassos Throumpa • Ajloun,Ajloun,Ajloun,Arbosana,2024.0400147991004,EVOO,golden,4.8,2.8,3.2934837949335782,ripe olive;dried almond;hay,mellow;sweet entry;light pepper,none,cold extraction,unfiltered,0.4333209560908953,—,Soft island profile with ripe notes; ideal for pastries and mellow dishes.
INT-000705,Sitia Sunrise • Sonoma,Sonoma,San Joaquin,Picual,2023.8856039433854,EVOO,bright green,7.611958411078637,6.321348544535285,7.831316563199664,green tomato;artichoke;nettle,firm bitterness;spicy tail,none,"three-phase, inert gas",filtered,0.1875,—,High‑energy Sitia EVOO with classic Cretan grassiness; for soups and grilled octopus.
INT-000207,Peloponnesian Grove • Zgharta,Zgharta,Koura,Koroneiki,2023.9556033924407,EVOO,deep green-gold,8.045259972647985,5.32013233074608,7.9671252252827385,green apple;fresh-cut grass;tomato leaf;artichoke,balanced;slightly peppery;almond finish,none,cold-extracted <27°C,filtered,0.2635738790351924,—,Koroneiki from Messinia with bright green fruitiness and a peppery finish; ideal for salads and grilled fish.
INT-000393,Sitia Sunrise • Languedoc,Languedoc,Languedoc,Coratina,2023.9712203798304,EVOO,bright green,7.992400403507483,5.57155433626651,6.674556089507039,green tomato;artichoke;nettle,firm bitterness;spicy tail,none,"three-phase, inert gas",filtered,0.19870882677774776,—,High‑energy Sitia EVOO with classic Cretan grassiness; for soups and grilled octopus.
INT-000398,Nestos Riverbank • Fès-Meknès,Fès-Meknès,Marrakech-Safi,Taggiasca,2023.983468383147,EVOO,green,6.809177306141425,4.686248336873952,6.965150922059112,green tomato;rocket;peppercorn,firm;spicy;clean finish,none,"cold, inert gas",filtered,0.2468570061104788,—,Thracian blend with zesty tomato‑leaf and spicy finish.
INT-000681,Cretan Ridge • La Rioja,La Rioja,Catamarca,Chetoui,2024.0367507785172,EVOO,vibrant green,8.60055552497956,7.2,6.8655937891375824,rocket;artichoke;green almond;oregano,robust;spicy;lingering pepper,none,"three-phase mill, nitrogen blanket",filtered,0.21613755540066767,NYIOOC 2024 Gold (fictional),Powerful Cretan profile with high fruitiness and pungency; stands up to roasted meats.
INT-000218,Zakynthos Grove • Napa,Napa,San Joaquin,Koroneiki,2024.021938203444,EVOO,green,7.644884711930224,4.859861936666577,6.930766325806628,green banana;parsley;pepper leaf,fresh;medium body;clean heat,none,two-phase,unfiltered,0.3112537676051351,—,Lively island Koroneiki with green banana and clean peppery lift.
5,Makri Heritage,Thrace,Makri (PGI),Makri,2024.0,EVOO,emerald green,8.0,5.0,7.0,tomato leaf;green pepper;fresh herbs,crisply bitter;vivid pepper,none,"cold extraction, decanter",unfiltered,0.28,—,"Distinct Makri cultivar, tomato‑leaf aromas and vibrant pepper; superb for bruschetta."
INT-000643,Messinian Classic • Wairarapa,Wairarapa,Hawke's Bay,Chetoui,2024.0215797871233,EVOO,green-gold,7.7107746827316195,5.867630526389926,7.45735013403165,artichoke;arugula;green almond,assertive;peppery;structured,none,cold-extracted,filtered,0.2412240644818167,—,Quintessential Messinian Koroneiki; assertive but balanced; for red sauces and grills.
INT-000717,Lesvos Hills • South Australia,South Australia,South Australia,Barnea,2024.0505390019362,EVOO,golden,5.615094936645218,4.451699933608586,3.0210484621751195,ripe tomato;dried herbs;almond,soft;rounded;subtle heat,none,"two-phase, cold",filtered,0.4478765121398531,—,Gentle island blend with ripe fruit notes; friendly for desserts and light sautés.
INT-000613,Messinian Classic • Beira Interior,Beira Interior,Beira Interior,Chemlali,2024.007614216737,EVOO,green-gold,7.411241492008971,6.414062122857938,6.837778805514142,artichoke;arugula;green almond,assertive;peppery;structured,none,cold-extracted,filtered,0.2384426555511962,—,Quintessential Messinian Koroneiki; assertive but balanced; for red sauces and grills.
INT-000547,Chalkidiki Grove • Provence,Provence,Languedoc,Manzanilla,2023.9776168228418,EVOO,green,7.0430082806087375,4.806899146109389,6.396201088956154,fresh grass;green apple;thyme,balanced;crisp;clean finish,none,"two-phase, cold",filtered,0.3568969903235463,—,Northern Greek blend with bright aromatics and tidy finish; great with greens pies.
INT-000099,Sitia Sunrise • Irbid,Irbid,Ajloun,Barnea,2023.932045977988,EVOO,bright green,8.316641411577491,6.05752126417729,6.44661416571824,green tomato;artichoke;nettle,firm bitterness;spicy tail,none,"three-phase, inert gas",filtered,0.217195603174799,—,High‑energy Sitia EVOO with classic Cretan grassiness; for soups and grilled octopus.
INT-000574,Cretan Ridge • Victoria,Victoria,South Australia,Leccino,2024.0758517817746,EVOO,vibrant green,9.2,6.386292217724073,8.022019873571102,rocket;artichoke;green almond;oregano,robust;spicy;lingering pepper,none,"three-phase mill, nitrogen blanket",filtered,0.23380148039068763,NYIOOC 2024 Gold (fictional),Powerful Cretan profile with high fruitiness and pungency; stands up to roasted meats.
INT-000407,Makri Heritage • Judean Hills,Judean Hills,Judean Hills,Arbequina,2024.0363053845463,EVOO,emerald green,8.616719017046256,4.828152028849579,6.944877113305629,tomato leaf;green pepper;fresh herbs,crisply bitter;vivid pepper,none,"cold extraction, decanter",unfiltered,0.2884182898482522,—,"Distinct Makri cultivar, tomato‑leaf aromas and vibrant pepper; superb for bruschetta."
INT-000503,Thassos Throumpa • Sousse,Sousse,Kairouan,Cornicabra,2024.0378654581518,EVOO,golden,5.106319604466765,3.435054441193232,3.3739252727212605,ripe olive;dried almond;hay,mellow;sweet entry;light pepper,none,cold extraction,unfiltered,0.4625,—,Soft island profile with ripe notes; ideal for pastries and mellow dishes.
INT-000048,Olympia Fields • Judean Hills,Judean Hills,Galilee,Frantoio,2023.9882061925737,EVOO,green-gold,7.821726224905616,5.379879394508428,6.479032353236401,fresh-cut grass;green almond;citrus zest,balanced;clean;medium pepper,none,three-phase,filtered,0.28733443937045217,—,Clean classic profile; versatile on legumes and grilled vegetables.
INT-000033,Thassos Throumpa • Extremadura,Extremadura,Extremadura,Hojiblanca,2024.035732083901,EVOO,golden,5.075255400082421,3.5710916358589144,3.313574524694639,ripe olive;dried almond;hay,mellow;sweet entry;light pepper,none,cold extraction,unfiltered,0.4625,—,Soft island profile with ripe notes; ideal for pastries and mellow dishes.
INT-000201,Chalkidiki Grove • Maule,Maule,Maule,Koroneiki,2023.9564995265737,EVOO,green,7.271422832162535,5.003429441230949,5.212473236991379,fresh grass;green apple;thyme,balanced;crisp;clean finish,none,"two-phase, cold",filtered,0.29469398200635527,—,Northern Greek blend with bright aromatics and tidy finish; great with greens pies.
INT-000135,Tsounati Mountain • Corsica,Corsica,Provence,Barnea,2023.9926310987541,EVOO,deep green,8.602633385755386,6.221617573090144,7.441651466365032,wild greens;artichoke;oregano,bold bitterness;strong pepper,none,"cold extraction, two-phase",unfiltered,0.25738962803888243,—,Mountain Tsounati with intense pepper and wild herb character.
INT-000028,Argolic Breeze • Sonoma,Sonoma,Sonoma,Chetoui,2023.9397417334312,EVOO,golden-green,6.137972770182796,2.8,4.301925086671534,ripe apple;pear;chamomile,mild;buttery;light pepper,none,cold-extracted <27°C,filtered,0.35352374439223616,—,Classic Manaki with mild bitterness and delicate aromas; great for baking and white cheeses.
INT-000707,Nestos Riverbank • O'Higgins,O'Higgins,O'Higgins,Arbosana,2023.9577580103103,EVOO,green,7.100802811299231,4.835723979484434,7.0796572855708195,green tomato;rocket;peppercorn,firm;spicy;clean finish,none,"cold, inert gas",filtered,0.255053462545491,—,Thracian blend with zesty tomato‑leaf and spicy finish.
INT-000231,Cretan Ridge • Languedoc,Languedoc,Languedoc,Picholine,2023.9123314510928,EVOO,vibrant green,8.67297303362236,7.2,7.829629496769962,rocket;artichoke;green almond;oregano,robust;spicy;lingering pepper,none,"three-phase mill, nitrogen blanket",filtered,0.21725825451451522,NYIOOC 2024 Gold (fictional),Powerful Cretan profile with high fruitiness and pungency; stands up to roasted meats.
INT-000490,Phthiotis Vale • Akkar,Akkar,Zgharta,Taggiasca,2023.9801454738847,EVOO,golden,5.386523285612078,3.0087092582805313,3.426747789792139,ripe apple;dried herb;almond,soft;low bitterness;light heat,none,cold extraction,filtered,0.38402632643852996,—,"Gentle mainland blend with friendly, ripe flavor profile."
INT-000379,Laconian Peaks • San Joaquin,San Joaquin,Sacramento Valley,Manzanilla,2024.0889734621562,EVOO,bright green,6.8433220916326,5.339370820760394,6.9587393700691615,green banana;wild herbs;chicory,gentle bitterness;clean;long aftertaste,none,"two-phase mill, cold",unfiltered,0.268290349512302,—,"Athinolia brings elegance and floral notes, softened by Koroneiki; versatile everyday oil."
INT-000289,Tsounati Mountain • Sicily,Sicily,Sicily,Barnea,2024.023242147499,EVOO,deep green,8.082383921560009,5.461222619976754,7.8817749839212325,wild greens;artichoke;oregano,bold bitterness;strong pepper,none,"cold extraction, two-phase",unfiltered,0.1941566297847334,—,Mountain Tsounati with intense pepper and wild herb character.
INT-000419,Zakynthos Grove • Puglia,Puglia,Liguria,Picual,2023.974709922695,EVOO,green,6.848034599771235,5.2565091817672815,6.0629168613193025,green banana;parsley;pepper leaf,fresh;medium body;clean heat,none,two-phase,unfiltered,0.3228141251432161,—,Lively island Koroneiki with green banana and clean peppery lift.
INT-000675,Chalkidiki Grove • Sousse,Sousse,Kairouan,Chetoui,2024.024728129163,EVOO,green,7.108024717098619,4.29661736217065,6.298048878228503,fresh grass;green apple;thyme,balanced;crisp;clean finish,none,"two-phase, cold",filtered,0.4135516349898687,—,Northern Greek blend with bright aromatics and tidy finish; great with greens pies.
INT-000392,Olympia Fields • Castilla-La Mancha,Castilla-La Mancha,Catalonia,Arbosana,2024.0261739422372,EVOO,green-gold,7.208063951001328,5.423591199025176,6.863721566481742,fresh-cut grass;green almond;citrus zest,balanced;clean;medium pepper,none,three-phase,filtered,0.26030146619716393,—,Clean classic profile; versatile on legumes and grilled vegetables.
INT-000593,Thassos Throumpa • O'Higgins,O'Higgins,O'Higgins,Cornicabra,2023.9657565570346,EVOO,golden,5.249169017045648,3.464045298135445,2.75,ripe olive;dried almond;hay,mellow;sweet entry;light pepper,none,cold extraction,unfiltered,0.43972222610075334,—,Soft island profile with ripe notes; ideal for pastries and mellow dishes.
INT-000499,Peloponnesian Grove • Castilla-La Mancha,Castilla-La Mancha,Extremadura,Coratina,2024.0261368085814,EVOO,deep green-gold,8.377856696499142,5.600805797599117,6.686123877137541,green apple;fresh-cut grass;tomato leaf;artichoke,balanced;slightly peppery;almond finish,none,cold-extracted <27°C,filtered,0.20909355436228955,—,Koroneiki from Messinia with bright green fruitiness and a peppery finish; ideal for salads and grilled fish.
INT-000139,Argolic Breeze • Colchagua,Colchagua,Colchagua,Coratina,2023.9951301754818,EVOO,golden-green,6.097629542046865,2.8918118130643764,3.127332407361094,ripe apple;pear;chamomile,mild;buttery;light pepper,none,cold-extracted <27°C,filtered,0.35358809719230744,—,Classic Manaki with mild bitterness and delicate aromas; great for baking and white cheeses.
INT-000063,Mytilene Estate • Judean Hills,Judean Hills,Judean Hills,Taggiasca,2023.9737611904566,EVOO,golden-green,5.411006790241591,3.366688025905741,4.116612427184498,ripe tomato;oregano;dried fig,rounded;pleasant;light pepper,none,"two-phase, cold",filtered,0.3487554962578884,—,Classically soft Kolovi suitable for mild salads.
INT-000472,Chalkidiki Grove • Aydın,Aydın,Balıkesir,Cornicabra,2023.9400261043743,EVOO,green,6.752937432496948,4.926611651246563,7.921393011755858,fresh grass;green apple;thyme,balanced;crisp;clean finish,none,"two-phase, cold",filtered,0.354569375247471,—,Northern Greek blend with bright aromatics and tidy finish; great with greens pies.
INT-000648,Argolic Breeze • Galilee,Galilee,Judean Hills,Mission,2023.966540006979,EVOO,golden-green,6.358113088647216,2.9091712750073184,4.336279496555009,ripe apple;pear;chamomile,mild;buttery;light pepper,none,cold-extracted <27°C,filtered,0.33153625138773174,—,Classic Manaki with mild bitterness and delicate aromas; great for baking and white cheeses.
INT-000129,Olympia Fields • Colchagua,Colchagua,O'Higgins,Frantoio,2023.9711007923447,EVOO,green-gold,7.222997984826311,4.960476723113341,7.092365268856797,fresh-cut grass;green almond;citrus zest,balanced;clean;medium pepper,none,three-phase,filtered,0.31305680869844676,—,Clean classic profile; versatile on legumes and grilled vegetables.
INT-000779,Lesvos Hills • Catamarca,Catamarca,La Rioja,Taggiasca,2024.0178597012766,EVOO,golden,6.024995846862669,3.5886549381417265,4.219391677444595,ripe tomato;dried herbs;almond,soft;rounded;subtle heat,none,"two-phase, cold",filtered,0.3769233710370496,—,Gentle island blend with ripe fruit notes; friendly for desserts and light sautés.
INT-000521,Nestos Riverbank • İzmir,İzmir,İzmir,Arbosana,2024.0026374296194,EVOO,green,7.18839230662051,5.825633957645631,7.658487993342825,green tomato;rocket;peppercorn,firm;spicy;clean finish,none,"cold, inert gas",filtered,0.26685415405367835,—,Thracian blend with zesty tomato‑leaf and spicy finish.
INT-000065,Nestos Riverbank • Catamarca,Catamarca,Mendoza,Chemlali,2023.9981495036498,EVOO,green,6.710030163848557,4.897983013881677,7.691754706569946,green tomato;rocket;peppercorn,firm;spicy;clean finish,none,"cold, inert gas",filtered,0.21612664619744032,—,Thracian blend with zesty tomato‑leaf and spicy finish.
15,Tsounati Mountain,Crete,Rethymno,Tsounati,2024.0,EVOO,deep green,8.0,6.0,8.0,wild greens;artichoke;oregano,bold bitterness;strong pepper,none,"cold extraction, two-phase",unfiltered,0.24,—,Mountain Tsounati with intense pepper and wild herb character.
INT-000157,Peloponnesian Grove • New South Wales,New South Wales,Victoria,Manzanilla,2023.9113164396344,EVOO,deep green-gold,7.5204542509772825,5.638330959104028,6.46333176094138,green apple;fresh-cut grass;tomato leaf;artichoke,balanced;slightly peppery;almond finish,none,cold-extracted <27°C,filtered,0.23477498442238628,—,Koroneiki from Messinia with bright green fruitiness and a peppery finish; ideal for salads and grilled fish.
INT-000041,Arcadian Orchard • O'Higgins,O'Higgins,Maule,Arbequina,2024.0404558979465,EVOO,golden,5.801422222478862,3.9444187826152066,3.2618309648810793,ripe pear;chamomile;almond,buttery;gentle bitterness,none,cold extraction,filtered,0.4059650897414697,—,Approachable blend suited for everyday cooking and baking.
INT-000493,Messinian Classic • Fès-Meknès,Fès-Meknès,Marrakech-Safi,Leccino,2023.9808778721026,EVOO,green-gold,6.961578276245827,6.235282535769104,6.681852846879906,artichoke;arugula;green almond,assertive;peppery;structured,none,cold-extracted,filtered,0.2608332971860331,—,Quintessential Messinian Koroneiki; assertive but balanced; for red sauces and grills.
INT-000380,Sitia Sunrise • La Rioja,La Rioja,Mendoza,Picholine,2024.0143924731394,EVOO,bright green,8.381989741585992,6.046442627421832,7.474928477284709,green tomato;artichoke;nettle,firm bitterness;spicy tail,none,"three-phase, inert gas",filtered,0.19458598107614436,—,High‑energy Sitia EVOO with classic Cretan grassiness; for soups and grilled octopus.
INT-000188,Chalkidiki Grove • Taza,Taza,Fès-Meknès,Chemlali,2024.0516016644017,EVOO,green,7.127671183819857,4.821951243818039,5.70629343778276,fresh grass;green apple;thyme,balanced;crisp;clean finish,none,"two-phase, cold",filtered,0.34412367922955733,—,Northern Greek blend with bright aromatics and tidy finish; great with greens pies.
INT-000217,Makri Heritage • Sfax,Sfax,Sousse,Chemlali,2024.0687201102098,EVOO,emerald green,7.728480797452686,5.513441783274297,5.956252454651885,tomato leaf;green pepper;fresh herbs,crisply bitter;vivid pepper,none,"cold extraction, decanter",unfiltered,0.31082757264341354,—,"Distinct Makri cultivar, tomato‑leaf aromas and vibrant pepper; superb for bruschetta."
INT-000053,Peloponnesian Grove • Hawke's Bay,Hawke's Bay,Wairarapa,Picual,2024.0203817591164,EVOO,deep green-gold,8.627295774815765,5.532449373554381,7.423066089645666,green apple;fresh-cut grass;tomato leaf;artichoke,balanced;slightly peppery;almond finish,none,cold-extracted <27°C,filtered,0.2318747750185233,—,Koroneiki from Messinia with bright green fruitiness and a peppery finish; ideal for salads and grilled fish.
INT-000338,Argolic Breeze • Sousse,Sousse,Kairouan,Hojiblanca,2023.9697688390886,EVOO,golden-green,5.314564992945709,3.018924251632812,4.2556062490831374,ripe apple;pear;chamomile,mild;buttery;light pepper,none,cold-extracted <27°C,filtered,0.3607923515647559,—,Classic Manaki with mild bitterness and delicate aromas; great for baking and white cheeses.
INT-000296,Phthiotis Vale • La Rioja,La Rioja,Catamarca,Chemlali,2023.9426666274135,EVOO,golden,5.283205750020059,2.8,3.743770301350002,ripe apple;dried herb;almond,soft;low bitterness;light heat,none,cold extraction,filtered,0.3998394661591959,—,"Gentle mainland blend with friendly, ripe flavor profile."
INT-000702,Corfiot Lianolia • Catamarca,Catamarca,Mendoza,Taggiasca,2023.9218130576114,EVOO,green-gold,7.761704703235488,3.5610742100400916,4.909686121686989,green walnut;wild fennel;apple skin,silky;fresh;medium pepper,none,cold-extracted,filtered,0.29079255180606406,—,Elegant Corfiot oil with herbal lift; shines on steamed vegetables and fish.
INT-000252,Olympia Fields • Colchagua,Colchagua,O'Higgins,Picual,2024.0288642244107,EVOO,green-gold,6.720378954726014,5.407281543801831,5.387745112015471,fresh-cut grass;green almond;citrus zest,balanced;clean;medium pepper,none,three-phase,filtered,0.2749130065114975,—,Clean classic profile; versatile on legumes and grilled vegetables.
INT-000462,Lesvos Hills • Languedoc,Languedoc,Languedoc,Taggiasca,2023.999435694557,EVOO,golden,5.907268330968966,4.097696547895904,3.7476024681302187,ripe tomato;dried herbs;almond,soft;rounded;subtle heat,none,"two-phase, cold",filtered,0.4197709817972227,—,Gentle island blend with ripe fruit notes; friendly for desserts and light sautés.
INT-000456,Argolic Breeze • Puglia,Puglia,Liguria,Picholine,2024.0849151789328,EVOO,golden-green,6.121223615254908,3.43943717641759,3.300598625287191,ripe apple;pear;chamomile,mild;buttery;light pepper,none,cold-extracted <27°C,filtered,0.3791846027734308,—,Classic Manaki with mild bitterness and delicate aromas; great for baking and white cheeses.
INT-000798,Peloponnesian Grove • Zgharta,Zgharta,Zgharta,Coratina,2024.0796152546789,EVOO,deep green-gold,7.816716180010594,6.2019079354909135,6.455592132433183,green apple;fresh-cut grass;tomato leaf;artichoke,balanced;slightly peppery;almond finish,none,cold-extracted <27°C,filtered,0.23018670857877752,—,Koroneiki from Messinia with bright green fruitiness and a peppery finish; ideal for salads and grilled fish.
INT-000270,Kefalonian Bay • Akkar,Akkar,Zgharta,Chemlali,2024.1106768763711,EVOO,golden-green,5.5849074979686355,3.5187488051668057,4.89821093418853,ripe apple;oregano;almond,round;mildly peppery,none,cold extraction,filtered,0.34704659697790996,—,Island blend leaning ripe and round; table‑friendly and forgiving.
INT-000202,Nestos Riverbank • Galilee,Galilee,Galilee,Mission,2023.9260192714873,EVOO,green,7.108250346624441,5.505367060799446,6.288227328391547,green tomato;rocket;peppercorn,firm;spicy;clean finish,none,"cold, inert gas",filtered,0.22028914273627923,—,Thracian blend with zesty tomato‑leaf and spicy finish.
INT-000162,Zakynthos Grove • Ajloun,Ajloun,Irbid,Leccino,2024.029992259027,EVOO,green,7.028146806471639,4.801474099042501,5.8994429421289665,green banana;parsley;pepper leaf,fresh;medium body;clean heat,none,two-phase,unfiltered,0.31451446670719,—,Lively island Koroneiki with green banana and clean peppery lift.
INT-000556,Thassos Throumpa • Kairouan,Kairouan,Sfax,Arbosana,2023.9502025006263,EVOO,golden,5.75970421729209,2.96884206116883,4.039533706751143,ripe olive;dried almond;hay,mellow;sweet entry;light pepper,none,cold extraction,unfiltered,0.43261356038264503,—,Soft island profile with ripe notes; ideal for pastries and mellow dishes.
INT-000402,Tsounati Mountain • Ribatejo,Ribatejo,Beira Interior,Chetoui,2024.0758685008175,EVOO,deep green,7.588666653096128,6.007631502274658,8.25,wild greens;artichoke;oregano,bold bitterness;strong pepper,none,"cold extraction, two-phase",unfiltered,0.21695118609381467,—,Mountain Tsounati with intense pepper and wild herb character.
INT-000703,Sitia Sunrise • Umbria,Umbria,Liguria,Mission,2024.032374050903,EVOO,bright green,7.818005043952695,5.675688374162701,6.2467372629983196,green tomato;artichoke;nettle,firm bitterness;spicy tail,none,"three-phase, inert gas",filtered,0.2158559249362458,—,High‑energy Sitia EVOO with classic Cretan grassiness; for soups and grilled octopus.
INT-000477,Zakynthos Grove • La Rioja,La Rioja,Mendoza,Chemlali,2024.0920533440174,EVOO,green,7.083951233285516,5.275071337669179,5.682542926139651,green banana;parsley;pepper leaf,fresh;medium body;clean heat,none,two-phase,unfiltered,0.34484904389748966,—,Lively island Koroneiki with green banana and clean peppery lift.
INT-000106,Sitia Sunrise • Koura,Koura,Akkar,Arbosana,2023.995419468741,EVOO,bright green,7.536409118321083,5.339511669763789,6.779913740821132,green tomato;artichoke;nettle,firm bitterness;spicy tail,none,"three-phase, inert gas",filtered,0.2513531423499174,—,High‑energy Sitia EVOO with classic Cretan grassiness; for soups and grilled octopus.
INT-000566,Kefalonian Bay • Provence,Provence,Corsica,Mission,2023.993391715662,EVOO,golden-green,6.143658240517351,4.546986671100493,5.545583580072329,ripe apple;oregano;almond,round;mildly peppery,none,cold extraction,filtered,0.32104936209384605,—,Island blend leaning ripe and round; table‑friendly and forgiving.
INT-000390,Arcadian Orchard • Sousse,Sousse,Sfax,Arbequina,2023.9994334234111,EVOO,golden,5.695960407462534,3.5504881254904497,4.758540162092093,ripe pear;chamomile;almond,buttery;gentle bitterness,none,cold extraction,filtered,0.34082562024649943,—,Approachable blend suited for everyday cooking and baking.
2,Laconian Peaks,Peloponnese,Laconia,Athinolia;Koroneiki,2024.0,EVOO,bright green,7.0,5.0,6.0,green banana;wild herbs;chicory,gentle bitterness;clean;long aftertaste,none,"two-phase mill, cold",unfiltered,0.3,—,"Athinolia brings elegance and floral notes, softened by Koroneiki; versatile everyday oil."
INT-000768,Arcadian Orchard • Kairouan,Kairouan,Kairouan,Chetoui,2024.028605514916,EVOO,golden,6.013351822666743,4.17266818556382,3.965935067944845,ripe pear;chamomile;almond,buttery;gentle bitterness,none,cold extraction,filtered,0.39084585357998974,—,Approachable blend suited for everyday cooking and baking.
INT-000562,Makri Heritage • Provence,Provence,Provence,Coratina,2023.9687966979773,EVOO,emerald green,7.959140666937974,4.428985802628007,7.966537099065876,tomato leaf;green pepper;fresh herbs,crisply bitter;vivid pepper,none,"cold extraction, decanter",unfiltered,0.3070760898075543,—,"Distinct Makri cultivar, tomato‑leaf aromas and vibrant pepper; superb for bruschetta."
INT-000081,Messinian Classic • Kairouan,Kairouan,Sousse,Arbosana,2023.998331786342,EVOO,green-gold,6.723532830026059,6.055165015686236,6.807808034222106,artichoke;arugula;green almond,assertive;peppery;structured,none,cold-extracted,filtered,0.28683337548241533,—,Quintessential Messinian Koroneiki; assertive but balanced; for red sauces and grills.
INT-000206,Zakynthos Grove • Sousse,Sousse,Kairouan,Chetoui,2023.982462510847,EVOO,green,6.711711261787069,5.612840103405386,5.842986735693629,green banana;parsley;pepper leaf,fresh;medium body;clean heat,none,two-phase,unfiltered,0.31834857131164745,—,Lively island Koroneiki with green banana and clean peppery lift.
INT-000035,Phthiotis Vale • Zgharta,Zgharta,Akkar,Mission,2023.9783982398064,EVOO,golden,4.938763796561778,3.8139145019195606,3.434866842343756,ripe apple;dried herb;almond,soft;low bitterness;light heat,none,cold extraction,filtered,0.4536210831063473,—,"Gentle mainland blend with friendly, ripe flavor profile."
INT-000509,Olympia Fields • İzmir,İzmir,İzmir,Manzanilla,2024.063504610615,EVOO,green-gold,6.754157997392621,4.347433503467878,6.710719368714706,fresh-cut grass;green almond;citrus zest,balanced;clean;medium pepper,none,three-phase,filtered,0.2806874272969516,—,Clean classic profile; versatile on legumes and grilled vegetables.
INT-000428,Sitia Sunrise • Umbria,Umbria,Umbria,Leccino,2023.9695905046112,EVOO,bright green,8.49644914578787,6.080560333511543,6.832870158855911,green tomato;artichoke;nettle,firm bitterness;spicy tail,none,"three-phase, inert gas",filtered,0.1875,—,High‑energy Sitia EVOO with classic Cretan grassiness; for soups and grilled octopus.
INT-000455,Kefalonian Bay • Provence,Provence,Provence,Koroneiki,2024.0437708757884,EVOO,golden-green,5.238421765747129,3.8069155762003026,3.9361554159705934,ripe apple;oregano;almond,round;mildly peppery,none,cold extraction,filtered,0.38742437591060414,—,Island blend leaning ripe and round; table‑friendly and forgiving.
INT-000367,Corfiot Lianolia • Ribatejo,Ribatejo,Ribatejo,Mission,2024.0575436551544,EVOO,green-gold,6.957962452370312,4.150626710619996,4.21486823683923,green walnut;wild fennel;apple skin,silky;fresh;medium pepper,none,cold-extracted,filtered,0.32193135719465643,—,Elegant Corfiot oil with herbal lift; shines on steamed vegetables and fish.
INT-000092,Mytilene Estate • Sacramento Valley,Sacramento Valley,San Joaquin,Taggiasca,2023.9513785478448,EVOO,golden-green,6.647288641423158,4.653122177625269,4.6693560569768815,ripe tomato;oregano;dried fig,rounded;pleasant;light pepper,none,"two-phase, cold",filtered,0.3852150227070844,—,Classically soft Kolovi suitable for mild salads.
INT-000340,Tsounati Mountain • Colchagua,Colchagua,Maule,Mission,2024.0083402941816,EVOO,deep green,7.859088369826893,6.286288286041247,8.104498211179033,wild greens;artichoke;oregano,bold bitterness;strong pepper,none,"cold extraction, two-phase",unfiltered,0.23912040409225588,—,Mountain Tsounati with intense pepper and wild herb character.
INT-000565,Peloponnesian Grove • Balıkesir,Balıkesir,Balıkesir,Picholine,2023.9946497857372,EVOO,deep green-gold,8.23797250203806,5.924111279688602,7.0822077446098755,green apple;fresh-cut grass;tomato leaf;artichoke,balanced;slightly peppery;almond finish,none,cold-extracted <27°C,filtered,0.25784234408541457,—,Koroneiki from Messinia with bright green fruitiness and a peppery finish; ideal for salads and grilled fish.
INT-000346,Phthiotis Vale • Umbria,Umbria,Puglia,Picual,2023.9643187183622,EVOO,golden,4.984581735023359,3.015091240255631,2.900538669675035,ripe apple;dried herb;almond,soft;low bitterness;light heat,none,cold extraction,filtered,0.39527064785689986,—,"Gentle mainland blend with friendly, ripe flavor profile."
INT-000242,Saronic Shores • Corsica,Corsica,Provence,Taggiasca,2024.014779476136,EVOO,golden-green,6.198115880654209,3.709475986204477,4.4645988982582505,ripe apple;herbs;almond,smooth;gentle bitterness,none,cold extraction,filtered,0.3422027338621049,—,"Attica blend, approachable and smooth for everyday use."
14,Arcadian Orchard,Peloponnese,Arcadia,Megaritiki;Koroneiki,2024.0,EVOO,golden,6.0,4.0,4.0,ripe pear;chamomile;almond,buttery;gentle bitterness,none,cold extraction,filtered,0.38,—,Approachable blend suited for everyday cooking and baking.
INT-000316,Arcadian Orchard • Sonoma,Sonoma,Napa,Manzanilla,2023.8885341693083,EVOO,golden,5.619443646677021,3.9814817496359485,3.3211295290262735,ripe pear;chamomile;almond,buttery;gentle bitterness,none,cold extraction,filtered,0.3667153987810433,—,Approachable blend suited for everyday cooking and baking.
INT-000601,Mytilene Estate • Liguria,Liguria,Liguria,Frantoio,2024.039807725852,EVOO,golden-green,6.244702226217607,4.43459271119593,5.079915227212375,ripe tomato;oregano;dried fig,rounded;pleasant;light pepper,none,"two-phase, cold",filtered,0.4061560933131029,—,Classically soft Kolovi suitable for mild salads.
INT-000388,Corfiot Lianolia • İzmir,İzmir,Aydın,Leccino,2024.0095091289554,EVOO,green-gold,6.911201456759978,4.020932316357539,4.982503878476991,green walnut;wild fennel;apple skin,silky;fresh;medium pepper,none,cold-extracted,filtered,0.31870165022290975,—,Elegant Corfiot oil with herbal lift; shines on steamed vegetables and fish.
INT-000274,Argolic Breeze • Marrakech-Safi,Marrakech-Safi,Marrakech-Safi,Picual,2024.0010606669669,EVOO,golden-green,5.899726437781182,3.1097486769767784,3.293911915987062,ripe apple;pear;chamomile,mild;buttery;light pepper,none,cold-extracted <27°C,filtered,0.3296316845101426,—,Classic Manaki with mild bitterness and delicate aromas; great for baking and white cheeses.
INT-000167,Mytilene Estate • Catalonia,Catalonia,Catalonia,Coratina,2024.0410815782259,EVOO,golden-green,6.0141284273973445,4.159257157880218,4.035524531359169,ripe tomato;oregano;dried fig,rounded;pleasant;light pepper,none,"two-phase, cold",filtered,0.42160327904311184,—,Classically soft Kolovi suitable for mild salads.
INT-000794,Kefalonian Bay • South Australia,South Australia,Victoria,Arbosana,2023.9803944112568,EVOO,golden-green,5.869716702993347,3.839539319082138,4.877160303934091,ripe apple;oregano;almond,round;mildly peppery,none,cold extraction,filtered,0.35455182532595403,—,Island blend leaning ripe and round; table‑friendly and forgiving.
INT-000647,Lesvos Hills • Hawke's Bay,Hawke's Bay,Hawke's Bay,Chemlali,2023.9501981137723,EVOO,golden,6.365480585721918,3.4017029589549,3.86711893718723,ripe tomato;dried herbs;almond,soft;rounded;subtle heat,none,"two-phase, cold",filtered,0.4192474179037846,—,Gentle island blend with ripe fruit notes; friendly for desserts and light sautés.
INT-000485,Arcadian Orchard • Valencia,Valencia,Andalusia,Chemlali,2024.056590805546,EVOO,golden,6.221813768261607,4.780179421114903,3.4473727379726093,ripe pear;chamomile;almond,buttery;gentle bitterness,none,cold extraction,filtered,0.37693702929492473,—,Approachable blend suited for everyday cooking and baking.
INT-000783,Phthiotis Vale • Provence,Provence,Provence,Taggiasca,2023.997158699406,EVOO,golden,5.098643865271276,2.8,2.878829612214712,ripe apple;dried herb;almond,soft;low bitterness;light heat,none,cold extraction,filtered,0.4203080046977589,—,"Gentle mainland blend with friendly, ripe flavor profile."
INT-000505,Argolic Breeze • Ajloun,Ajloun,Irbid,Arbosana,2024.0178218166516,EVOO,golden-green,6.713079139213655,3.147192089622709,4.622700839045493,ripe apple;pear;chamomile,mild;buttery;light pepper,none,cold-extracted <27°C,filtered,0.37034710431190027,—,Classic Manaki with mild bitterness and delicate aromas; great for baking and white cheeses.
INT-000244,Cretan Ridge • San Joaquin,San Joaquin,San Joaquin,Chemlali,2023.9468915715827,EVOO,vibrant green,8.96145874311656,6.635937998524019,8.25,rocket;artichoke;green almond;oregano,robust;spicy;lingering pepper,none,"three-phase mill, nitrogen blanket",filtered,0.2095734657752033,NYIOOC 2024 Gold (fictional),Powerful Cretan profile with high fruitiness and pungency; stands up to roasted meats.
INT-000567,Sitia Sunrise • Trás-os-Montes,Trás-os-Montes,Ribatejo,Koroneiki,2024.0075489729704,EVOO,bright green,7.9252328027201075,5.861455503505752,8.088491241314458,green tomato;artichoke;nettle,firm bitterness;spicy tail,none,"three-phase, inert gas",filtered,0.1875,—,High‑energy Sitia EVOO with classic Cretan grassiness; for soups and grilled octopus.
INT-000563,Tsounati Mountain • Languedoc,Languedoc,Corsica,Koroneiki,2023.9697164198558,EVOO,deep green,7.9926944462625595,6.104578559388558,7.897299225211128,wild greens;artichoke;oregano,bold bitterness;strong pepper,none,"cold extraction, two-phase",unfiltered,0.24069860903144882,—,Mountain Tsounati with intense pepper and wild herb character.
INT-000687,Zakynthos Grove • South Australia,South Australia,South Australia,Koroneiki,2023.9166605560804,EVOO,green,6.711658014442409,4.896910641967482,5.999720703154642,green banana;parsley;pepper leaf,fresh;medium body;clean heat,none,two-phase,unfiltered,0.3535380365010807,—,Lively island Koroneiki with green banana and clean peppery lift.
INT-000190,Corfiot Lianolia • Aydın,Aydın,Balıkesir,Taggiasca,2024.0314192482622,EVOO,green-gold,7.61601776328788,3.8707358056596903,4.945526762123209,green walnut;wild fennel;apple skin,silky;fresh;medium pepper,none,cold-extracted,filtered,0.3478060561813583,—,Elegant Corfiot oil with herbal lift; shines on steamed vegetables and fish.
INT-000700,Tsounati Mountain • Wairarapa,Wairarapa,Wairarapa,Koroneiki,2024.0456259890332,EVOO,deep green,7.957121711179724,6.300221305330163,8.25,wild greens;artichoke;oregano,bold bitterness;strong pepper,none,"cold extraction, two-phase",unfiltered,0.2244346794505263,—,Mountain Tsounati with intense pepper and wild herb character.
INT-000476,Nestos Riverbank • Kairouan,Kairouan,Sousse,Picholine,2023.9874773617873,EVOO,green,6.999375407621552,5.091800697697569,6.685483941012471,green tomato;rocket;peppercorn,firm;spicy;clean finish,none,"cold, inert gas",filtered,0.310202737783098,—,Thracian blend with zesty tomato‑leaf and spicy finish.
INT-000682,Olympia Fields • Kairouan,Kairouan,Kairouan,Barnea,2023.9587907852074,EVOO,green-gold,7.345621502258937,5.327992250581714,6.935737185062411,fresh-cut grass;green almond;citrus zest,balanced;clean;medium pepper,none,three-phase,filtered,0.2742886811885753,—,Clean classic profile; versatile on legumes and grilled vegetables.
INT-000511,Peloponnesian Grove • Wairarapa,Wairarapa,Hawke's Bay,Frantoio,2023.9589740129547,EVOO,deep green-gold,7.4062310505969,5.994599137993836,6.396757264281703,green apple;fresh-cut grass;tomato leaf;artichoke,balanced;slightly peppery;almond finish,none,cold-extracted <27°C,filtered,0.2808975775751883,—,Koroneiki from Messinia with bright green fruitiness and a peppery finish; ideal for salads and grilled fish.
INT-000059,Argolic Breeze • Zgharta,Zgharta,Koura,Cornicabra,2024.0463499888021,EVOO,golden-green,5.9802872528386235,3.6681506621850057,5.170252801984963,ripe apple;pear;chamomile,mild;buttery;light pepper,none,cold-extracted <27°C,filtered,0.3842960434516275,—,Classic Manaki with mild bitterness and delicate aromas; great for baking and white cheeses.
INT-000475,Sitia Sunrise • Irbid,Irbid,Ajloun,Arbequina,2024.0059387381434,EVOO,bright green,8.108460483419602,5.8996141784932865,6.735886165092503,green tomato;artichoke;nettle,firm bitterness;spicy tail,none,"three-phase, inert gas",filtered,0.24046626082733097,—,High‑energy Sitia EVOO with classic Cretan grassiness; for soups and grilled octopus.
INT-000561,Olympia Fields • Sacramento Valley,Sacramento Valley,San Joaquin,Manzanilla,2023.9957263258018,EVOO,green-gold,6.910865018292953,4.420200871001708,6.552717289469584,fresh-cut grass;green almond;citrus zest,balanced;clean;medium pepper,none,three-phase,filtered,0.3344716052129797,—,Clean classic profile; versatile on legumes and grilled vegetables.
INT-000748,Phthiotis Vale • Sfax,Sfax,Sousse,Arbequina,2024.0065254925532,EVOO,golden,4.84951969222565,2.8117790827474702,2.75,ripe apple;dried herb;almond,soft;low bitterness;light heat,none,cold extraction,filtered,0.4229571810075232,—,"Gentle mainland blend with friendly, ripe flavor profile."
INT-000253,Lesvos Hills • Languedoc,Languedoc,Corsica,Manzanilla,2023.9678442422187,EVOO,golden,6.238151575316509,4.327877745840409,3.2321870597571265,ripe tomato;dried herbs;almond,soft;rounded;subtle heat,none,"two-phase, cold",filtered,0.3989121041479414,—,Gentle island blend with ripe fruit notes; friendly for desserts and light sautés.
INT-000022,Makri Heritage • Corsica,Corsica,Languedoc,Manzanilla,2024.009848169098,EVOO,emerald green,7.903059410493374,5.026033121058203,6.169070010261895,tomato leaf;green pepper;fresh herbs,crisply bitter;vivid pepper,none,"cold extraction, decanter",unfiltered,0.24313249883572288,—,"Distinct Makri cultivar, tomato‑leaf aromas and vibrant pepper; superb for bruschetta."
INT-000314,Olympia Fields • O'Higgins,O'Higgins,O'Higgins,Arbequina,2024.0609360080894,EVOO,green-gold,6.638360707274887,5.905372398994075,6.838078979239469,fresh-cut grass;green almond;citrus zest,balanced;clean;medium pepper,none,three-phase,filtered,0.2960617722019765,—,Clean classic profile; versatile on legumes and grilled vegetables.
INT-000460,Argolic Breeze • Judean Hills,Judean Hills,Judean Hills,Chetoui,2023.9185098595901,EVOO,golden-green,5.32091892164859,3.1010952686405044,3.4198782207441667,ripe apple;pear;chamomile,mild;buttery;light pepper,none,cold-extracted <27°C,filtered,0.3012623318926637,—,Classic Manaki with mild bitterness and delicate aromas; great for baking and white cheeses.
INT-000161,Zakynthos Grove • Hawke's Bay,Hawke's Bay,Hawke's Bay,Picual,2024.0167036905175,EVOO,green,7.718447344899914,5.247337224861338,6.106929868400084,green banana;parsley;pepper leaf,fresh;medium body;clean heat,none,two-phase,unfiltered,0.3456362862701311,—,Lively island Koroneiki with green banana and clean peppery lift.
INT-000277,Phthiotis Vale • New South Wales,New South Wales,New South Wales,Chemlali,2023.9438507343502,EVOO,golden,4.8,3.1517017304081874,3.787869628381321,ripe apple;dried herb;almond,soft;low bitterness;light heat,none,cold extraction,filtered,0.41645782501561507,—,"Gentle mainland blend with friendly, ripe flavor profile."
INT-000192,Laconian Peaks • Fès-Meknès,Fès-Meknès,Marrakech-Safi,Arbosana,2023.949537345093,EVOO,bright green,6.950024161216954,4.968288567213697,6.045333391161728,green banana;wild herbs;chicory,gentle bitterness;clean;long aftertaste,none,"two-phase mill, cold",unfiltered,0.2611551660826432,—,"Athinolia brings elegance and floral notes, softened by Koroneiki; versatile everyday oil."
INT-000386,Argolic Breeze • Ribatejo,Ribatejo,Ribatejo,Koroneiki,2023.9868884891798,EVOO,golden-green,6.000375352669995,3.498327143090602,4.631606500679873,ripe apple;pear;chamomile,mild;buttery;light pepper,none,cold-extracted <27°C,filtered,0.3795745641937658,—,Classic Manaki with mild bitterness and delicate aromas; great for baking and white cheeses.
INT-000414,Sitia Sunrise • Sousse,Sousse,Sousse,Arbequina,2024.0178170551592,EVOO,bright green,7.415569136496746,5.817344206016401,6.406124661030631,green tomato;artichoke;nettle,firm bitterness;spicy tail,none,"three-phase, inert gas",filtered,0.1875,—,High‑energy Sitia EVOO with classic Cretan grassiness; for soups and grilled octopus.
INT-000492,Zakynthos Grove • Ribatejo,Ribatejo,Alentejo,Mission,2024.0184929090187,EVOO,green,7.423354944953604,5.658572051327987,6.246022661518542,green banana;parsley;pepper leaf,fresh;medium body;clean heat,none,two-phase,unfiltered,0.3642182090374819,—,Lively island Koroneiki with green banana and clean peppery lift.
INT-000344,Phthiotis Vale • Koura,Koura,Zgharta,Frantoio,2024.0294525495594,EVOO,golden,5.346341374159509,2.8,3.1308848423934226,ripe apple;dried herb;almond,soft;low bitterness;light heat,none,cold extraction,filtered,0.44064837314709837,—,"Gentle mainland blend with friendly, ripe flavor profile."
INT-000770,Messinian Classic • Kairouan,Kairouan,Kairouan,Arbosana,2024.0171237609045,EVOO,green-gold,6.470342713875297,5.610757603211994,7.9974863223086246,artichoke;arugula;green almond,assertive;peppery;structured,none,cold-extracted,filtered,0.253790944075537,—,Quintessential Messinian Koroneiki; assertive but balanced; for red sauces and grills.
INT-000309,Saronic Shores • Balıkesir,Balıkesir,Aydın,Hojiblanca,2024.021761660147,EVOO,golden-green,6.20344362810458,4.228333325593291,5.220803454714636,ripe apple;herbs;almond,smooth;gentle bitterness,none,cold extraction,filtered,0.30948770324213404,—,"Attica blend, approachable and smooth for everyday use."
INT-000662,Phthiotis Vale • Beira Interior,Beira Interior,Alentejo,Mission,2024.0325742693246,EVOO,golden,4.8,3.033587952567166,2.75,ripe apple;dried herb;almond,soft;low bitterness;light heat,none,cold extraction,filtered,0.3799743689171776,—,"Gentle mainland blend with friendly, ripe flavor profile."
INT-000131,Olympia Fields • Valencia,Valencia,Valencia,Frantoio,2024.0257258148301,EVOO,green-gold,6.392325373110781,4.659138214330801,6.175113210478842,fresh-cut grass;green almond;citrus zest,balanced;clean;medium pepper,none,three-phase,filtered,0.31397031837294287,—,Clean classic profile; versatile on legumes and grilled vegetables.
INT-000664,Argolic Breeze • Irbid,Irbid,Irbid,Frantoio,2024.0216648828114,EVOO,golden-green,6.025671038354566,3.6264976791842543,4.228491949946066,ripe apple;pear;chamomile,mild;buttery;light pepper,none,cold-extracted <27°C,filtered,0.36999151303677114,—,Classic Manaki with mild bitterness and delicate aromas; great for baking and white cheeses.
INT-000100,Tsounati Mountain • Wairarapa,Wairarapa,Wairarapa,Picholine,2024.064235145544,EVOO,deep green,8.473706194451813,5.605947464441499,7.9080353221557305,wild greens;artichoke;oregano,bold bitterness;strong pepper,none,"cold extraction, two-phase",unfiltered,0.22164959329927866,—,Mountain Tsounati with intense pepper and wild herb character.
INT-000373,Peloponnesian Grove • La Rioja,La Rioja,Mendoza,Picual,2024.0049320101332,EVOO,deep green-gold,7.751767464198561,6.083639847136591,6.702670012864424,green apple;fresh-cut grass;tomato leaf;artichoke,balanced;slightly peppery;almond finish,none,cold-extracted <27°C,filtered,0.21155126733457363,—,Koroneiki from Messinia with bright green fruitiness and a peppery finish; ideal for salads and grilled fish.
INT-000088,Saronic Shores • Balıkesir,Balıkesir,İzmir,Manzanilla,2023.9974759378338,EVOO,golden-green,5.7751152678326365,4.0453834703998925,4.618126834496676,ripe apple;herbs;almond,smooth;gentle bitterness,none,cold extraction,filtered,0.32074671729655596,—,"Attica blend, approachable and smooth for everyday use."
INT-000459,Lesvos Hills • Colchagua,Colchagua,O'Higgins,Chetoui,2024.0223984411273,EVOO,golden,6.081617196349977,3.438680279195399,3.6545621885885904,ripe tomato;dried herbs;almond,soft;rounded;subtle heat,none,"two-phase, cold",filtered,0.440031530933066,—,Gentle island blend with ripe fruit notes; friendly for desserts and light sautés.
INT-000331,Sitia Sunrise • Mendoza,Mendoza,La Rioja,Arbequina,2023.966420870952,EVOO,bright green,7.687979880127673,6.732325374011833,7.745017067026598,green tomato;artichoke;nettle,firm bitterness;spicy tail,none,"three-phase, inert gas",filtered,0.20584783334462253,—,High‑energy Sitia EVOO with classic Cretan grassiness; for soups and grilled octopus.
INT-000215,Peloponnesian Grove • Ribatejo,Ribatejo,Beira Interior,Cornicabra,2023.9613251443109,EVOO,deep green-gold,8.114119309230045,5.657030579053891,6.489209013568481,green apple;fresh-cut grass;tomato leaf;artichoke,balanced;slightly peppery;almond finish,none,cold-extracted <27°C,filtered,0.23655067771184862,—,Koroneiki from Messinia with bright green fruitiness and a peppery finish; ideal for salads and grilled fish.
INT-000467,Thassos Throumpa • Ribatejo,Ribatejo,Trás-os-Montes,Chetoui,2024.070586936759,EVOO,golden,4.8,3.546613609441927,3.762953586656021,ripe olive;dried almond;hay,mellow;sweet entry;light pepper,none,cold extraction,unfiltered,0.4543387684981666,—,Soft island profile with ripe notes; ideal for pastries and mellow dishes.
INT-000122,Tsounati Mountain • La Rioja,La Rioja,Mendoza,Cornicabra,2024.0289176125443,EVOO,deep green,7.951475148471479,6.458701066578787,7.66687189720355,wild greens;artichoke;oregano,bold bitterness;strong pepper,none,"cold extraction, two-phase",unfiltered,0.2777117730817581,—,Mountain Tsounati with intense pepper and wild herb character.
INT-000615,Sitia Sunrise • Valencia,Valencia,Castilla-La Mancha,Coratina,2023.8902768487974,EVOO,bright green,8.166558949544067,6.200362617112418,6.5121496276353374,green tomato;artichoke;nettle,firm bitterness;spicy tail,none,"three-phase, inert gas",filtered,0.1875,—,High‑energy Sitia EVOO with classic Cretan grassiness; for soups and grilled octopus.
INT-000021,Kefalonian Bay • Napa,Napa,Sacramento Valley,Arbosana,2023.9560061487844,EVOO,golden-green,5.802999216656017,4.397579898988692,5.092948968589233,ripe apple;oregano;almond,round;mildly peppery,none,cold extraction,filtered,0.34050060343393107,—,Island blend leaning ripe and round; table‑friendly and forgiving.
INT-000701,Kefalonian Bay • Wairarapa,Wairarapa,Hawke's Bay,Arbosana,2023.9486882178298,EVOO,golden-green,6.647230217652834,4.21507976568171,5.697370535801348,ripe apple;oregano;almond,round;mildly peppery,none,cold extraction,filtered,0.3884210368357334,—,Island blend leaning ripe and round; table‑friendly and forgiving.
INT-000072,Olympia Fields • Provence,Provence,Corsica,Mission,2024.0739962671903,EVOO,green-gold,6.601725874421426,4.712169300164482,6.718867861887993,fresh-cut grass;green almond;citrus zest,balanced;clean;medium pepper,none,three-phase,filtered,0.2689397431727518,—,Clean classic profile; versatile on legumes and grilled vegetables.
INT-000107,Argolic Breeze • Wairarapa,Wairarapa,Hawke's Bay,Cornicabra,2024.0034595921447,EVOO,golden-green,6.151728537772775,2.858776309500677,3.597892242312525,ripe apple;pear;chamomile,mild;buttery;light pepper,none,cold-extracted <27°C,filtered,0.3202647505886581,—,Classic Manaki with mild bitterness and delicate aromas; great for baking and white cheeses.
INT-000271,Zakynthos Grove • O'Higgins,O'Higgins,Maule,Manzanilla,2024.061140185158,EVOO,green,7.667873283025801,6.1463745152482385,4.623653453903414,green banana;parsley;pepper leaf,fresh;medium body;clean heat,none,two-phase,unfiltered,0.3596972167378548,—,Lively island Koroneiki with green banana and clean peppery lift.
INT-000436,Messinian Classic • Wairarapa,Wairarapa,Hawke's Bay,Barnea,2023.9850844328798,EVOO,green-gold,7.673009466562053,5.4063732034852,6.3536760489570945,artichoke;arugula;green almond,assertive;peppery;structured,none,cold-extracted,filtered,0.2844336564022533,—,Quintessential Messinian Koroneiki; assertive but balanced; for red sauces and grills.
INT-000103,Chalkidiki Grove • Puglia,Puglia,Liguria,Chetoui,2023.984915671146,EVOO,green,7.637463594978859,5.291677002736661,6.221296911833024,fresh grass;green apple;thyme,balanced;crisp;clean finish,none,"two-phase, cold",filtered,0.31259255930389984,—,Northern Greek blend with bright aromatics and tidy finish; great with greens pies.
